L* background,L* Ref,a* Ref,b* Ref,reference Color ID,Test Direction,L* RefFinal,a* RefFinal,b* RefFinal,L* TestFinal,a* TestFinal,b* TestFinal,Observer ID
80,95,0,0,5,9,95,0,0,82.97918472,-12.02081528,0,1
80,60,-10.60660172,10.60660172,2,1,60,-10.60660172,10.60660172,60,3.393398282,10.60660172,1
30,50,35.35533906,35.35533906,6,2,50,35.35533906,24.35533906,50,35.35533906,61.35533906,1
80,70,0,15,3,3,70,0,15,70,-10,15,1
30,40,0,-15,4,8,40,0,-15,34,0,-15,1
30,50,35.35533906,35.35533906,6,3,50,35.35533906,35.35533906,50,0.355339059,35.35533906,1
30,70,0,15,3,6,70,0,15,70,14.8492424,29.8492424,1
80,95,0,0,5,12,95,0,0,88.63603897,0,6.363961031,1
30,50,35.35533906,35.35533906,6,3,50,35.35533906,35.35533906,50,12.35533906,35.35533906,1
30,95,0,0,5,10,95,0,0,67.42283553,27.57716447,0,1
30,70,0,15,3,1,70,0,15,70,1,15,1
80,50,10.60660172,10.60660172,1,2,50,10.60660172,0.606601718,50,10.60660172,58.60660172,1
30,95,0,0,5,11,95,0,0,70.95836944,0,-24.04163056,1
80,50,10.60660172,10.60660172,1,1,50,10.60660172,10.60660172,50,26.60660172,10.60660172,1
30,60,-10.60660172,10.60660172,2,3,60,9.393398282,10.60660172,60,-40.60660172,10.60660172,1
80,40,0,-15,4,5,40,-5.656854249,-9.343145751,40,80.61017306,-95.61017306,1
50,60,-10.60660172,10.60660172,2,2,60,-10.60660172,10.60660172,60,-10.60660172,50.60660172,1
80,70,0,15,3,6,70,0,15,70,9.899494937,24.89949494,1
80,95,0,0,5,8,95,0,0,77,0,0,1
80,60,-10.60660172,10.60660172,2,8,60,-10.60660172,10.60660172,27,-10.60660172,10.60660172,1
30,40,0,-15,4,6,40,0,-15,40,10.60660172,-4.393398282,1
30,95,0,0,5,11,95,0,0,53.28069991,0,-41.71930009,1
30,50,10.60660172,10.60660172,1,6,50,10.60660172,10.60660172,50,31.11269837,31.11269837,1
80,50,35.35533906,35.35533906,6,3,50,35.35533906,35.35533906,50,-24.64466094,35.35533906,1
80,40,0,-15,4,7,40,0,-15,45,0,-15,1
80,50,10.60660172,10.60660172,1,3,50,10.60660172,10.60660172,50,-16.39339828,10.60660172,1
30,40,0,-15,4,1,40,0,-15,40,23,-15,1
80,60,-10.60660172,10.60660172,2,3,60,7.393398282,10.60660172,60,-40.60660172,10.60660172,1
50,60,-10.60660172,10.60660172,2,2,60,-10.60660172,10.60660172,60,-10.60660172,41.60660172,1
30,60,-10.60660172,10.60660172,2,5,60,-10.60660172,10.60660172,60,5.656854249,-5.656854249,1
30,50,10.60660172,10.60660172,1,3,50,10.60660172,10.60660172,50,-7.393398282,10.60660172,1
80,50,10.60660172,10.60660172,1,6,50,10.60660172,10.60660172,50,42.42640687,42.42640687,1
30,40,0,-15,4,7,40,0,-15,77,0,-15,1
30,50,10.60660172,10.60660172,1,1,50,10.60660172,10.60660172,50,41.60660172,10.60660172,1
80,50,35.35533906,35.35533906,6,7,45,35.35533906,35.35533906,71,35.35533906,35.35533906,1
50,70,0,15,3,7,61,0,15,96,0,15,1
30,60,-10.60660172,10.60660172,2,8,60,-10.60660172,10.60660172,33,-10.60660172,10.60660172,1
30,50,10.60660172,10.60660172,1,5,50,10.60660172,10.60660172,50,31.81980515,-10.60660172,1
80,50,35.35533906,35.35533906,6,8,51,35.35533906,35.35533906,29,35.35533906,35.35533906,1
50,70,0,15,3,8,70,0,15,50,0,15,1
80,40,0,-15,4,1,40,0,-15,40,25,-15,1
30,60,-10.60660172,10.60660172,2,3,60,-1.606601718,10.60660172,60,-40.60660172,10.60660172,1
80,60,-10.60660172,10.60660172,2,3,60,-4.606601718,10.60660172,60,-40.60660172,10.60660172,1
50,60,-10.60660172,10.60660172,2,1,60,-10.60660172,10.60660172,60,10.39339828,10.60660172,1
80,60,-10.60660172,10.60660172,2,7,60,-10.60660172,10.60660172,71,-10.60660172,10.60660172,1
30,50,35.35533906,35.35533906,6,4,50,35.35533906,35.35533906,50,35.35533906,-0.644660941,1
50,50,35.35533906,35.35533906,6,1,50,1.355339059,35.35533906,50,80.35533906,35.35533906,1
30,40,0,-15,4,6,40,0,-15,40,16.26345597,1.263455967,1
80,50,35.35533906,35.35533906,6,6,50,28.99137803,28.99137803,50,65.76093065,65.76093065,1
50,50,10.60660172,10.60660172,1,6,50,-2.828427125,-2.828427125,50,65.76093065,65.76093065,1
30,60,-10.60660172,10.60660172,2,6,60,-10.60660172,10.60660172,60,3.535533906,24.74873734,1
50,50,35.35533906,35.35533906,6,7,50,35.35533906,35.35533906,57,35.35533906,35.35533906,1
30,50,35.35533906,35.35533906,6,8,50,35.35533906,35.35533906,41,35.35533906,35.35533906,1
50,50,10.60660172,10.60660172,1,4,50,10.60660172,10.60660172,50,10.60660172,1.606601718,1
50,95,0,0,5,12,95,0,0,81.56497116,0,13.43502884,1
50,40,0,-15,4,8,41,0,-15,9,0,-15,1
50,40,0,-15,4,7,40,0,-15,49,0,-15,1
80,60,-10.60660172,10.60660172,2,2,60,-10.60660172,10.60660172,60,-10.60660172,17.60660172,1
50,60,-10.60660172,10.60660172,2,7,60,-10.60660172,10.60660172,69,-10.60660172,10.60660172,1
50,95,0,0,5,8,95,0,0,48,0,0,1
50,50,35.35533906,35.35533906,6,2,50,35.35533906,2.355339059,50,35.35533906,61.35533906,1
80,70,0,15,3,7,70,0,15,80,0,15,1
50,95,0,0,5,10,95,0,0,68.12994231,26.87005769,0,1
80,40,0,-15,4,5,40,-12.02081528,-2.97918472,40,80.61017306,-95.61017306,1
30,95,0,0,5,12,95,0,0,82.27207794,0,12.72792206,1
80,70,0,15,3,8,84,0,15,17,0,15,1
30,60,-10.60660172,10.60660172,2,4,60,-10.60660172,10.60660172,60,-10.60660172,-0.393398282,1
30,60,-10.60660172,10.60660172,2,7,60,-10.60660172,10.60660172,91,-10.60660172,10.60660172,1
30,40,0,-15,4,4,40,0,8,40,0,-33,1
50,40,0,-15,4,5,40,-8.485281374,-6.514718626,40,80.61017306,-95.61017306,1
50,95,0,0,5,9,95,0,0,78.02943725,-16.97056275,0,1
50,40,0,-15,4,3,40,18,-15,40,-15,-15,1
50,70,0,15,3,1,70,0,15,70,25,15,1
50,40,0,-15,4,1,40,0,-15,40,24,-15,1
80,50,10.60660172,10.60660172,1,4,50,10.60660172,10.60660172,50,10.60660172,-12.39339828,1
80,50,35.35533906,35.35533906,6,2,50,35.35533906,-6.644660941,50,35.35533906,61.35533906,1
80,50,35.35533906,35.35533906,6,4,50,35.35533906,35.35533906,50,35.35533906,-16.64466094,1
80,50,10.60660172,10.60660172,1,7,50,10.60660172,10.60660172,60,10.60660172,10.60660172,1
80,70,0,15,3,1,70,0,15,70,27,15,1
80,70,0,15,3,1,70,0,15,70,30,15,1
80,50,35.35533906,35.35533906,6,7,50,35.35533906,35.35533906,68,35.35533906,35.35533906,1
50,50,10.60660172,10.60660172,1,6,50,-3.535533906,-3.535533906,50,65.76093065,65.76093065,1
30,95,0,0,5,9,95,0,0,82.97918472,-12.02081528,0,1
30,50,10.60660172,10.60660172,1,7,50,10.60660172,10.60660172,63,10.60660172,10.60660172,1
50,50,35.35533906,35.35533906,6,4,50,35.35533906,35.35533906,50,35.35533906,3.355339059,1
50,50,10.60660172,10.60660172,1,2,50,10.60660172,-11.39339828,50,10.60660172,58.60660172,1
80,60,-10.60660172,10.60660172,2,4,60,-10.60660172,10.60660172,60,-10.60660172,-8.393398282,1
50,40,0,-15,4,8,40,0,-15,37,0,-15,1
50,60,-10.60660172,10.60660172,2,8,60,-10.60660172,10.60660172,50,-10.60660172,10.60660172,1
50,50,35.35533906,35.35533906,6,4,50,35.35533906,35.35533906,50,35.35533906,1.355339059,1
80,60,-10.60660172,10.60660172,2,5,60,-10.60660172,10.60660172,60,3.535533906,-3.535533906,1
30,50,35.35533906,35.35533906,6,1,50,7.355339059,35.35533906,50,80.35533906,35.35533906,1
80,60,-10.60660172,10.60660172,2,5,60,-10.60660172,10.60660172,60,2.121320344,-2.121320344,1
80,50,35.35533906,35.35533906,6,5,50,35.35533906,35.35533906,50,72.83199846,-2.121320344,1
80,60,-10.60660172,10.60660172,2,2,60,-10.60660172,2.606601718,60,-10.60660172,65.60660172,1
30,70,0,15,3,6,70,0,15,70,18.38477631,33.38477631,1
50,60,-10.60660172,10.60660172,2,5,60,-10.60660172,10.60660172,60,6.363961031,-6.363961031,1
50,40,0,-15,4,7,40,0,-15,47,0,-15,1
50,40,0,-15,4,1,40,0,-15,40,29,-15,1
30,50,10.60660172,10.60660172,1,8,50,10.60660172,10.60660172,32,10.60660172,10.60660172,1
50,95,0,0,5,12,95,0,0,75.20101013,0,19.79898987,1
30,95,0,0,5,8,95,0,0,29,0,0,1
80,95,0,0,5,10,95,0,0,83.6862915,11.3137085,0,1
50,50,10.60660172,10.60660172,1,7,50,10.60660172,10.60660172,61,10.60660172,10.60660172,1
30,70,0,15,3,8,70,0,15,37,0,15,1
50,70,0,15,3,6,70,0,15,70,26.87005769,41.87005769,1
50,50,35.35533906,35.35533906,6,7,50,35.35533906,35.35533906,66,35.35533906,35.35533906,1
30,50,35.35533906,35.35533906,6,5,50,35.35533906,35.35533906,50,58.68986284,12.02081528,1
30,40,0,-15,4,3,40,31,-15,40,-15,-15,1
30,40,0,-15,4,4,40,0,8,40,0,-33,1
80,95,0,0,5,9,95,0,0,82.97918472,-12.02081528,0,1
80,50,35.35533906,35.35533906,6,1,50,4.355339059,35.35533906,50,80.35533906,35.35533906,1
30,60,-10.60660172,10.60660172,2,2,60,-10.60660172,10.60660172,60,-10.60660172,41.60660172,1
30,40,0,-15,4,5,40,-13.43502884,-1.564971157,40,80.61017306,-95.61017306,1
80,50,10.60660172,10.60660172,1,5,50,10.60660172,10.60660172,50,55.15432893,-33.9411255,1
30,60,-10.60660172,10.60660172,2,8,60,-10.60660172,10.60660172,44,-10.60660172,10.60660172,1
30,70,0,15,3,1,70,0,15,70,28,15,1
80,60,-10.60660172,10.60660172,2,6,60,-10.60660172,10.60660172,60,-2.828427125,18.38477631,1
50,50,35.35533906,35.35533906,6,6,50,-7.071067812,-7.071067812,50,65.76093065,65.76093065,1
80,50,35.35533906,35.35533906,6,4,50,35.35533906,35.35533906,50,35.35533906,-9.644660941,1
50,50,35.35533906,35.35533906,6,3,50,35.35533906,35.35533906,50,-3.644660941,35.35533906,1
50,60,-10.60660172,10.60660172,2,6,60,-10.60660172,10.60660172,60,0.707106781,21.92031022,1
30,50,35.35533906,35.35533906,6,4,50,35.35533906,35.35533906,50,35.35533906,14.35533906,1
80,50,10.60660172,10.60660172,1,2,50,10.60660172,7.606601718,50,10.60660172,58.60660172,1
80,40,0,-15,4,6,40,0,-15,40,20.50609665,5.506096654,1
50,50,10.60660172,10.60660172,1,2,50,10.60660172,-5.393398282,50,10.60660172,58.60660172,1
50,60,-10.60660172,10.60660172,2,7,60,-10.60660172,10.60660172,91,-10.60660172,10.60660172,1
80,70,0,15,3,5,70,0,15,70,18.38477631,-3.384776311,1
30,50,35.35533906,35.35533906,6,8,50,35.35533906,35.35533906,37,35.35533906,35.35533906,1
80,40,0,-15,4,1,40,0,-15,40,36,-15,1
80,50,10.60660172,10.60660172,1,8,50,10.60660172,10.60660172,24,10.60660172,10.60660172,1
50,95,0,0,5,9,95,0,0,80.85786438,-14.14213562,0,1
50,95,0,0,5,11,95,0,0,72.372583,0,-22.627417,1
30,60,-10.60660172,10.60660172,2,6,60,-10.60660172,10.60660172,60,4.242640687,25.45584412,1
50,60,-10.60660172,10.60660172,2,5,60,-10.60660172,10.60660172,60,4.242640687,-4.242640687,1
80,70,0,15,3,6,70,0,15,70,7.778174593,22.77817459,1
80,40,0,-15,4,6,40,0,-15,40,20.50609665,5.506096654,1
30,70,0,15,3,5,70,0,15,70,29.69848481,-14.69848481,1
50,50,10.60660172,10.60660172,1,1,50,10.60660172,10.60660172,50,44.60660172,10.60660172,1
30,70,0,15,3,4,70,0,15,70,0,-8,1
50,60,-10.60660172,10.60660172,2,3,60,-3.606601718,10.60660172,60,-40.60660172,10.60660172,1
50,70,0,15,3,2,70,0,15,70,0,43,1
80,60,-10.60660172,10.60660172,2,7,60,-10.60660172,10.60660172,78,-10.60660172,10.60660172,1
50,70,0,15,3,1,70,0,15,70,33,15,1
50,70,0,15,3,2,70,0,15,70,0,30,1
30,60,-10.60660172,10.60660172,2,1,60,-10.60660172,10.60660172,60,12.39339828,10.60660172,1
80,40,0,-15,4,4,40,0,0,40,0,-33,1
80,60,-10.60660172,10.60660172,2,6,60,-10.60660172,10.60660172,60,-4.242640687,16.97056275,1
80,50,10.60660172,10.60660172,1,3,50,10.60660172,10.60660172,50,-8.393398282,10.60660172,1
50,70,0,15,3,8,70,0,15,51,0,15,1
80,40,0,-15,4,3,40,30,-15,40,-15,-15,1
80,40,0,-15,4,3,40,23,-15,40,-15,-15,1
30,50,10.60660172,10.60660172,1,8,50,10.60660172,10.60660172,40,10.60660172,10.60660172,1
50,50,10.60660172,10.60660172,1,1,50,-5.393398282,10.60660172,50,80.60660172,10.60660172,1
50,70,0,15,3,6,70,0,15,70,15.55634919,30.55634919,1
50,50,35.35533906,35.35533906,6,2,50,35.35533906,-0.644660941,50,35.35533906,61.35533906,1
30,50,10.60660172,10.60660172,1,4,50,10.60660172,10.60660172,50,10.60660172,2.606601718,1
50,40,0,-15,4,4,40,0,-2,40,0,-33,1
50,50,35.35533906,35.35533906,6,8,50,35.35533906,35.35533906,36,35.35533906,35.35533906,1
80,50,10.60660172,10.60660172,1,7,50,10.60660172,10.60660172,61,10.60660172,10.60660172,1
30,95,0,0,5,10,95,0,0,69.54415588,25.45584412,0,1
80,70,0,15,3,7,70,0,15,79,0,15,1
30,50,10.60660172,10.60660172,1,3,50,10.60660172,10.60660172,50,1.606601718,10.60660172,1
50,50,35.35533906,35.35533906,6,1,50,-0.644660941,35.35533906,50,80.35533906,35.35533906,1
50,60,-10.60660172,10.60660172,2,6,60,-10.60660172,10.60660172,60,0.707106781,21.92031022,1
50,40,0,-15,4,6,40,0,-15,40,7.778174593,-7.221825407,1
80,50,10.60660172,10.60660172,1,6,50,10.60660172,10.60660172,50,47.37615434,47.37615434,1
80,60,-10.60660172,10.60660172,2,8,60,-10.60660172,10.60660172,25,-10.60660172,10.60660172,1
80,50,10.60660172,10.60660172,1,8,50,10.60660172,10.60660172,44,10.60660172,10.60660172,1
50,95,0,0,5,10,95,0,0,83.6862915,11.3137085,0,1
30,50,10.60660172,10.60660172,1,7,50,10.60660172,10.60660172,73,10.60660172,10.60660172,1
50,40,0,-15,4,5,40,-11.3137085,-3.686291501,40,80.61017306,-95.61017306,1
80,40,0,-15,4,7,40,0,-15,53,0,-15,1
50,50,10.60660172,10.60660172,1,8,52,10.60660172,10.60660172,15,10.60660172,10.60660172,1
30,50,10.60660172,10.60660172,1,5,50,10.60660172,10.60660172,50,29.69848481,-8.485281374,1
50,70,0,15,3,5,70,0,15,70,28.28427125,-13.28427125,1
50,50,10.60660172,10.60660172,1,3,50,10.60660172,10.60660172,50,-13.39339828,10.60660172,1
30,50,35.35533906,35.35533906,6,7,50,35.35533906,35.35533906,69,35.35533906,35.35533906,1
30,50,35.35533906,35.35533906,6,5,50,35.35533906,35.35533906,50,65.05382387,5.656854249,1
80,70,0,15,3,2,70,0,15,70,0,49,1
50,50,10.60660172,10.60660172,1,8,50,10.60660172,10.60660172,39,10.60660172,10.60660172,1
30,40,0,-15,4,5,40,-10.60660172,-4.393398282,40,80.61017306,-95.61017306,1
30,70,0,15,3,5,70,0,15,70,33.23401872,-18.23401872,1
30,40,0,-15,4,1,40,0,-15,40,26,-15,1
80,40,0,-15,4,8,40,0,-15,18,0,-15,1
50,50,10.60660172,10.60660172,1,7,50,10.60660172,10.60660172,69,10.60660172,10.60660172,1
80,50,35.35533906,35.35533906,6,6,50,13.43502884,13.43502884,50,65.76093065,65.76093065,1
50,50,10.60660172,10.60660172,1,5,50,10.60660172,10.60660172,50,24.04163056,-2.828427125,1
80,70,0,15,3,3,70,0,15,70,-13,15,1
30,95,0,0,5,8,95,0,0,28,0,0,1
50,70,0,15,3,3,70,0,15,70,-22,15,1
30,40,0,-15,4,7,40,0,-15,46,0,-15,1
50,50,10.60660172,10.60660172,1,4,50,10.60660172,10.60660172,50,10.60660172,-9.393398282,1
80,60,-10.60660172,10.60660172,2,1,60,-10.60660172,10.60660172,60,21.39339828,10.60660172,1
80,50,35.35533906,35.35533906,6,8,50,35.35533906,35.35533906,45,35.35533906,35.35533906,1
80,70,0,15,3,5,70,0,15,70,24.74873734,-9.748737342,1
30,50,35.35533906,35.35533906,6,6,50,24.04163056,24.04163056,50,65.76093065,65.76093065,1
30,40,0,-15,4,3,40,21,-15,40,-15,-15,1
50,50,10.60660172,10.60660172,1,3,50,10.60660172,10.60660172,50,-4.393398282,10.60660172,1
80,70,0,15,3,4,70,0,15,70,0,-14,1
50,60,-10.60660172,10.60660172,2,8,60,-10.60660172,10.60660172,53,-10.60660172,10.60660172,1
50,50,35.35533906,35.35533906,6,6,50,0.707106781,0.707106781,50,65.76093065,65.76093065,1
50,50,10.60660172,10.60660172,1,5,50,10.60660172,10.60660172,50,19.09188309,2.121320344,1
50,50,35.35533906,35.35533906,6,5,50,35.35533906,35.35533906,50,56.56854249,14.14213562,1
30,40,0,-15,4,2,40,0,-15,40,0,-1,1
30,50,35.35533906,35.35533906,6,6,50,26.87005769,26.87005769,50,65.76093065,65.76093065,1
80,95,0,0,5,10,95,0,0,78.02943725,16.97056275,0,1
50,60,-10.60660172,10.60660172,2,4,60,-10.60660172,10.60660172,60,-10.60660172,-4.393398282,1
80,50,10.60660172,10.60660172,1,4,50,10.60660172,10.60660172,50,10.60660172,-7.393398282,1
50,60,-10.60660172,10.60660172,2,1,60,-10.60660172,10.60660172,60,9.393398282,10.60660172,1
30,40,0,-15,4,2,40,0,-15,40,0,5,1
30,70,0,15,3,3,70,0,15,70,-26,15,1
80,60,-10.60660172,10.60660172,2,4,60,-10.60660172,10.60660172,60,-10.60660172,-30.39339828,1
50,70,0,15,3,4,70,0,15,70,0,2,1
30,50,35.35533906,35.35533906,6,7,50,35.35533906,35.35533906,64,35.35533906,35.35533906,1
80,50,35.35533906,35.35533906,6,2,50,35.35533906,8.355339059,50,35.35533906,61.35533906,1
80,50,35.35533906,35.35533906,6,3,50,35.35533906,35.35533906,50,5.355339059,35.35533906,1
30,60,-10.60660172,10.60660172,2,7,60,-10.60660172,10.60660172,91,-10.60660172,10.60660172,1
80,70,0,15,3,2,70,0,2,70,0,75,1
50,70,0,15,3,7,70,0,15,73,0,15,1
50,40,0,-15,4,4,40,0,1,40,0,-33,1
30,50,10.60660172,10.60660172,1,1,50,10.60660172,10.60660172,50,40.60660172,10.60660172,1
80,95,0,0,5,11,95,0,0,82.27207794,0,-12.72792206,1
50,70,0,15,3,3,70,2,15,70,-47,15,1
30,50,35.35533906,35.35533906,6,1,50,27.35533906,35.35533906,50,80.35533906,35.35533906,1
30,95,0,0,5,12,95,0,0,78.02943725,0,16.97056275,1
80,40,0,-15,4,2,40,0,-15,40,0,9,1
50,95,0,0,5,8,95,0,0,50,0,0,1
50,40,0,-15,4,2,40,0,-15,40,0,6,1
50,95,0,0,5,11,95,0,0,76.61522369,0,-18.38477631,1
30,70,0,15,3,7,70,0,15,96,0,15,1
30,50,10.60660172,10.60660172,1,6,50,10.60660172,10.60660172,50,27.57716447,27.57716447,1
80,95,0,0,5,12,95,0,0,81.56497116,0,13.43502884,1
30,50,10.60660172,10.60660172,1,2,50,10.60660172,10.60660172,50,10.60660172,41.60660172,1
50,40,0,-15,4,3,40,30,-15,40,-15,-15,1
80,95,0,0,5,8,95,0,0,81,0,0,1
50,70,0,15,3,4,70,0,15,70,0,-3,1
30,70,0,15,3,7,70,0,15,86,0,15,1
30,70,0,15,3,2,70,0,15,70,0,31,1
50,50,35.35533906,35.35533906,6,8,50,35.35533906,35.35533906,49,35.35533906,35.35533906,1
30,50,10.60660172,10.60660172,1,2,50,10.60660172,10.60660172,50,10.60660172,34.60660172,1
80,50,35.35533906,35.35533906,6,5,50,35.35533906,35.35533906,50,65.76093065,4.949747468,1
80,50,35.35533906,35.35533906,6,1,50,23.35533906,35.35533906,50,80.35533906,35.35533906,1
80,70,0,15,3,8,81,0,15,17,0,15,1
30,50,10.60660172,10.60660172,1,4,50,10.60660172,10.60660172,50,10.60660172,-15.39339828,1
30,70,0,15,3,2,70,0,15,70,0,30,1
50,50,35.35533906,35.35533906,6,3,50,35.35533906,35.35533906,50,3.355339059,35.35533906,1
50,50,35.35533906,35.35533906,6,5,50,35.35533906,35.35533906,50,57.98275606,12.72792206,1
80,70,0,15,3,4,70,0,15,70,0,1,1
50,40,0,-15,4,6,40,0,-15,40,12.72792206,-2.272077939,1
50,60,-10.60660172,10.60660172,2,3,60,25.39339828,10.60660172,60,-40.60660172,10.60660172,1
30,70,0,15,3,8,70,0,15,63,0,15,1
80,50,10.60660172,10.60660172,1,5,50,10.60660172,10.60660172,50,41.01219331,-19.79898987,1
50,40,0,-15,4,2,40,0,-15,40,0,1,1
30,40,0,-15,4,8,40,0,-15,31,0,-15,1
30,70,0,15,3,3,70,0,15,70,-19,15,1
30,50,35.35533906,35.35533906,6,2,50,35.35533906,22.35533906,50,35.35533906,61.35533906,1
30,95,0,0,5,9,95,0,0,73.78679656,-21.21320344,0,1
30,60,-10.60660172,10.60660172,2,5,60,-10.60660172,10.60660172,60,14.14213562,-14.14213562,1
30,60,-10.60660172,10.60660172,2,1,60,-10.60660172,10.60660172,60,34.39339828,10.60660172,1
50,70,0,15,3,5,70,0,15,70,28.28427125,-13.28427125,1
30,70,0,15,3,4,70,0,15,70,0,-8,1
50,60,-10.60660172,10.60660172,2,4,60,-10.60660172,10.60660172,60,-10.60660172,-13.39339828,1
80,40,0,-15,4,8,69,0,-15,9,0,-15,1
80,40,0,-15,4,2,40,0,-15,40,0,15,1
30,60,-10.60660172,10.60660172,2,2,60,-10.60660172,10.60660172,60,-10.60660172,29.60660172,1
30,60,-10.60660172,10.60660172,2,4,60,-10.60660172,10.60660172,60,-10.60660172,-16.39339828,1
80,50,10.60660172,10.60660172,1,1,50,10.60660172,10.60660172,50,62.60660172,10.60660172,1
80,95,0,0,5,11,95,0,0,80.85786438,0,-14.14213562,1
80,40,0,-15,4,4,40,0,-1,40,0,-33,1
80,95,0,0,5,9,95,0,0,75.90811691,-19.09188309,0,2
80,60,-10.60660172,10.60660172,2,1,60,-10.60660172,10.60660172,60,24.39339828,10.60660172,2
30,50,35.35533906,35.35533906,6,2,50,35.35533906,-20.64466094,50,35.35533906,61.35533906,2
80,70,0,15,3,3,70,25,15,70,-47,15,2
30,40,0,-15,4,8,Inf,Inf,Inf,Inf,Inf,Inf,2
30,50,35.35533906,35.35533906,6,3,50,35.35533906,35.35533906,50,-13.64466094,35.35533906,2
30,70,0,15,3,6,70,0,15,70,15.55634919,30.55634919,2
80,95,0,0,5,12,95.70710678,0,-0.707106781,43.38120497,0,51.61879503,2
30,50,35.35533906,35.35533906,6,3,50,35.35533906,35.35533906,50,-5.644660941,35.35533906,2
30,95,0,0,5,10,95,0,0,55.40202025,39.59797975,0,2
30,70,0,15,3,1,70,0,15,70,18,15,2
80,50,10.60660172,10.60660172,1,2,50,10.60660172,10.60660172,50,10.60660172,58.60660172,2
30,95,0,0,5,11,95,0,0,74.49390335,0,-20.50609665,2
80,50,10.60660172,10.60660172,1,1,50,-0.393398282,10.60660172,50,80.60660172,10.60660172,2
30,60,-10.60660172,10.60660172,2,3,60,21.39339828,10.60660172,60,-40.60660172,10.60660172,2
80,40,0,-15,4,5,40,0,-15,40,34.64823228,-49.64823228,2
50,60,-10.60660172,10.60660172,2,2,60,-10.60660172,-13.39339828,60,-10.60660172,65.60660172,2
80,70,0,15,3,6,70,-10.60660172,4.393398282,70,34.64823228,49.64823228,2
80,95,0,0,5,8,95,0,0,54,0,0,2
80,60,-10.60660172,10.60660172,2,8,93,-10.60660172,10.60660172,15,-10.60660172,10.60660172,2
30,40,0,-15,4,6,40,-1.414213562,-16.41421356,40,67.17514421,52.17514421,2
30,95,0,0,5,11,Inf,Inf,Inf,Inf,Inf,Inf,2
30,50,10.60660172,10.60660172,1,6,50,10.60660172,10.60660172,50,43.13351365,43.13351365,2
80,50,35.35533906,35.35533906,6,3,50,35.35533906,35.35533906,50,-9.644660941,35.35533906,2
80,40,0,-15,4,7,40,0,-15,71,0,-15,2
80,50,10.60660172,10.60660172,1,3,50,10.60660172,10.60660172,50,-10.39339828,10.60660172,2
30,40,0,-15,4,1,40,-10,-15,40,70,-15,2
80,60,-10.60660172,10.60660172,2,3,60,21.39339828,10.60660172,60,-40.60660172,10.60660172,2
50,60,-10.60660172,10.60660172,2,2,60,-10.60660172,9.606601718,60,-10.60660172,65.60660172,2
30,60,-10.60660172,10.60660172,2,5,60,-10.60660172,10.60660172,60,14.14213562,-14.14213562,2
30,50,10.60660172,10.60660172,1,3,50,10.60660172,10.60660172,50,-15.39339828,10.60660172,2
80,50,10.60660172,10.60660172,1,6,50,-0.707106781,-0.707106781,50,65.76093065,65.76093065,2
30,40,0,-15,4,7,24,0,-15,90,0,-15,2
30,50,10.60660172,10.60660172,1,1,50,10.60660172,10.60660172,50,55.60660172,10.60660172,2
80,50,35.35533906,35.35533906,6,7,Inf,Inf,Inf,Inf,Inf,Inf,2
50,70,0,15,3,7,49,0,15,96,0,15,2
30,60,-10.60660172,10.60660172,2,8,60,-10.60660172,10.60660172,31,-10.60660172,10.60660172,2
30,50,10.60660172,10.60660172,1,5,50,-4.242640687,25.45584412,50,89.09545443,-67.88225099,2
80,50,35.35533906,35.35533906,6,8,Inf,Inf,Inf,Inf,Inf,Inf,2
50,70,0,15,3,8,70,0,15,50,0,15,2
80,40,0,-15,4,1,40,0,-15,40,45,-15,2
30,60,-10.60660172,10.60660172,2,3,60,18.39339828,10.60660172,60,-40.60660172,10.60660172,2
80,60,-10.60660172,10.60660172,2,3,60,24.39339828,10.60660172,60,-40.60660172,10.60660172,2
50,60,-10.60660172,10.60660172,2,1,60,-10.60660172,10.60660172,60,20.39339828,10.60660172,2
80,60,-10.60660172,10.60660172,2,7,37,-10.60660172,10.60660172,98,-10.60660172,10.60660172,2
30,50,35.35533906,35.35533906,6,4,50,35.35533906,35.35533906,50,35.35533906,-45.64466094,2
50,50,35.35533906,35.35533906,6,1,50,5.355339059,35.35533906,50,80.35533906,35.35533906,2
30,40,0,-15,4,6,40,0,-15,40,28.28427125,13.28427125,2
80,50,35.35533906,35.35533906,6,6,50,2.828427125,2.828427125,50,65.76093065,65.76093065,2
50,50,10.60660172,10.60660172,1,6,50,-17.67766953,-17.67766953,50,65.76093065,65.76093065,2
30,60,-10.60660172,10.60660172,2,6,60,-10.60660172,10.60660172,60,17.67766953,38.89087297,2
50,50,35.35533906,35.35533906,6,7,Inf,Inf,Inf,Inf,Inf,Inf,2
30,50,35.35533906,35.35533906,6,8,Inf,Inf,Inf,Inf,Inf,Inf,2
50,50,10.60660172,10.60660172,1,4,50,10.60660172,10.60660172,50,10.60660172,-25.39339828,2
50,95,0,0,5,12,95,0,0,45.50252532,0,49.49747468,2
50,40,0,-15,4,8,56,0,-15,9,0,-15,2
50,40,0,-15,4,7,40,0,-15,65,0,-15,2
80,60,-10.60660172,10.60660172,2,2,60,-10.60660172,-5.393398282,60,-10.60660172,65.60660172,2
50,60,-10.60660172,10.60660172,2,7,37,-10.60660172,10.60660172,98,-10.60660172,10.60660172,2
50,95,0,0,5,8,95,0,0,32,0,0,2
50,50,35.35533906,35.35533906,6,2,50,35.35533906,-55.64466094,50,35.35533906,61.35533906,2
80,70,0,15,3,7,70,0,15,96,0,15,2
50,95,0,0,5,10,95,0,0,48.33095244,46.66904756,0,2
80,40,0,-15,4,5,40,-14.8492424,-0.150757595,40,80.61017306,-95.61017306,2
30,95,0,0,5,12,95,0,0,68.12994231,0,26.87005769,2
80,70,0,15,3,8,86,0,15,17,0,15,2
30,60,-10.60660172,10.60660172,2,4,60,-10.60660172,10.60660172,60,-10.60660172,-15.39339828,2
30,60,-10.60660172,10.60660172,2,7,30,-10.60660172,10.60660172,98,-10.60660172,10.60660172,2
30,40,0,-15,4,4,40,0,16,40,0,-33,2
50,40,0,-15,4,5,40,-21.92031022,6.920310217,40,80.61017306,-95.61017306,2
50,95,0,0,5,9,98.53553391,3.535533906,0,60.35176772,-34.64823228,0,2
50,40,0,-15,4,3,40,31,-15,40,-15,-15,2
50,70,0,15,3,1,70,-23,15,70,43,15,2
50,40,0,-15,4,1,40,0,-15,40,40,-15,2
80,50,10.60660172,10.60660172,1,4,50,10.60660172,10.60660172,50,10.60660172,-30.39339828,2
80,50,35.35533906,35.35533906,6,2,50,35.35533906,-35.64466094,50,35.35533906,61.35533906,2
80,50,35.35533906,35.35533906,6,4,50,35.35533906,35.35533906,50,35.35533906,-55.64466094,2
80,50,10.60660172,10.60660172,1,7,46,10.60660172,10.60660172,90,10.60660172,10.60660172,2
80,70,0,15,3,1,70,-6,15,70,43,15,2
80,70,0,15,3,1,70,-17,15,70,43,15,2
80,50,35.35533906,35.35533906,6,7,39,35.35533906,35.35533906,71,35.35533906,35.35533906,2
50,50,10.60660172,10.60660172,1,6,50,-13.43502884,-13.43502884,50,65.76093065,65.76093065,2
30,95,0,0,5,9,95,0,0,78.02943725,-16.97056275,0,2
30,50,10.60660172,10.60660172,1,7,25,10.60660172,10.60660172,90,10.60660172,10.60660172,2
50,50,35.35533906,35.35533906,6,4,50,35.35533906,35.35533906,50,35.35533906,-52.64466094,2
50,50,10.60660172,10.60660172,1,2,50,10.60660172,-28.39339828,50,10.60660172,58.60660172,2
80,60,-10.60660172,10.60660172,2,4,60,-10.60660172,10.60660172,60,-10.60660172,-10.39339828,2
50,40,0,-15,4,8,70,0,-15,9,0,-15,2
50,60,-10.60660172,10.60660172,2,8,60,-10.60660172,10.60660172,34,-10.60660172,10.60660172,2
50,50,35.35533906,35.35533906,6,4,50,35.35533906,35.35533906,50,35.35533906,-45.64466094,2
80,60,-10.60660172,10.60660172,2,5,60,-21.92031022,21.92031022,60,62.93250353,-62.93250353,2
30,50,35.35533906,35.35533906,6,1,50,19.35533906,35.35533906,50,80.35533906,35.35533906,2
80,60,-10.60660172,10.60660172,2,5,60,-10.60660172,10.60660172,60,32.52691193,-32.52691193,2
80,50,35.35533906,35.35533906,6,5,50,24.04163056,46.66904756,50,82.7314934,-12.02081528,2
80,60,-10.60660172,10.60660172,2,2,60,-10.60660172,-5.393398282,60,-10.60660172,65.60660172,2
30,70,0,15,3,6,70,-14.8492424,0.150757595,70,34.64823228,49.64823228,2
50,60,-10.60660172,10.60660172,2,5,60,-38.18376618,38.18376618,60,62.93250353,-62.93250353,2
50,40,0,-15,4,7,24,0,-15,90,0,-15,2
50,40,0,-15,4,1,40,0,-15,40,50,-15,2
30,50,10.60660172,10.60660172,1,8,50,10.60660172,10.60660172,17,10.60660172,10.60660172,2
50,95,0,0,5,12,95,0,0,57.5233406,0,37.4766594,2
30,95,0,0,5,8,95,0,0,17,0,0,2
80,95,0,0,5,10,95,0,0,72.372583,22.627417,0,2
50,50,10.60660172,10.60660172,1,7,43,10.60660172,10.60660172,90,10.60660172,10.60660172,2
30,70,0,15,3,8,70,0,15,27,0,15,2
50,70,0,15,3,6,70,-11.3137085,3.686291501,70,34.64823228,49.64823228,2
50,50,35.35533906,35.35533906,6,7,39,35.35533906,35.35533906,71,35.35533906,35.35533906,2
30,50,35.35533906,35.35533906,6,5,50,12.72792206,57.98275606,50,82.7314934,-12.02081528,2
30,40,0,-15,4,3,40,45,-15,40,-15,-15,2
30,40,0,-15,4,4,40,0,24,40,0,-33,2
80,95,0,0,5,9,95.70710678,0.707106781,0,60.35176772,-34.64823228,0,2
80,50,35.35533906,35.35533906,6,1,50,9.355339059,35.35533906,50,80.35533906,35.35533906,2
30,60,-10.60660172,10.60660172,2,2,60,-10.60660172,-5.393398282,60,-10.60660172,65.60660172,2
30,40,0,-15,4,5,40,-21.92031022,6.920310217,40,80.61017306,-95.61017306,2
80,50,10.60660172,10.60660172,1,5,50,-11.3137085,32.52691193,50,89.09545443,-67.88225099,2
30,60,-10.60660172,10.60660172,2,8,61,-10.60660172,10.60660172,15,-10.60660172,10.60660172,2
30,70,0,15,3,1,70,-37,15,70,43,15,2
80,60,-10.60660172,10.60660172,2,6,60,-10.60660172,10.60660172,60,12.02081528,33.23401872,2
50,50,35.35533906,35.35533906,6,6,50,-7.071067812,-7.071067812,50,65.76093065,65.76093065,2
80,50,35.35533906,35.35533906,6,4,50,35.35533906,35.35533906,50,35.35533906,-35.64466094,2
50,50,35.35533906,35.35533906,6,3,50,35.35533906,35.35533906,50,-26.64466094,35.35533906,2
50,60,-10.60660172,10.60660172,2,6,60,-10.60660172,10.60660172,60,20.50609665,41.71930009,2
30,50,35.35533906,35.35533906,6,4,50,35.35533906,35.35533906,50,35.35533906,-34.64466094,2
80,50,10.60660172,10.60660172,1,2,50,10.60660172,-10.39339828,50,10.60660172,58.60660172,2
80,40,0,-15,4,6,40,0,-15,40,22.627417,7.627416998,2
50,50,10.60660172,10.60660172,1,2,50,10.60660172,-35.39339828,50,10.60660172,58.60660172,2
50,60,-10.60660172,10.60660172,2,7,35,-10.60660172,10.60660172,98,-10.60660172,10.60660172,2
80,70,0,15,3,5,70,-18.38477631,33.38477631,70,61.51828996,-46.51828996,2
30,50,35.35533906,35.35533906,6,8,66,35.35533906,35.35533906,29,35.35533906,35.35533906,2
80,40,0,-15,4,1,40,0,-15,40,40,-15,2
80,50,10.60660172,10.60660172,1,8,66,10.60660172,10.60660172,15,10.60660172,10.60660172,2
50,95,0,0,5,9,95,0,0,63.88730163,-31.11269837,0,2
50,95,0,0,5,11,95,0,0,66.00862197,0,-28.99137803,2
30,60,-10.60660172,10.60660172,2,6,60,-10.60660172,10.60660172,60,7.778174593,28.99137803,2
50,60,-10.60660172,10.60660172,2,5,60,-10.60660172,10.60660172,60,18.38477631,-18.38477631,2
80,70,0,15,3,6,70,-14.8492424,0.150757595,70,34.64823228,49.64823228,2
80,40,0,-15,4,6,40,0,-15,40,21.92031022,6.920310217,2
30,70,0,15,3,5,70,0,15,70,29.69848481,-14.69848481,2
50,50,10.60660172,10.60660172,1,1,50,-15.39339828,10.60660172,50,80.60660172,10.60660172,2
30,70,0,15,3,4,70,0,15,70,0,-17,2
50,60,-10.60660172,10.60660172,2,3,60,10.39339828,10.60660172,60,-40.60660172,10.60660172,2
50,70,0,15,3,2,70,0,-11,70,0,75,2
80,60,-10.60660172,10.60660172,2,7,35,-10.60660172,10.60660172,98,-10.60660172,10.60660172,2
50,70,0,15,3,1,70,-32,15,70,43,15,2
50,70,0,15,3,2,70,0,-11,70,0,75,2
30,60,-10.60660172,10.60660172,2,1,60,-22.60660172,10.60660172,60,65.39339828,10.60660172,2
80,40,0,-15,4,4,40,0,20,40,0,-33,2
80,60,-10.60660172,10.60660172,2,6,60,-10.60660172,10.60660172,60,50.91168825,72.12489168,2
80,50,10.60660172,10.60660172,1,3,50,13.60660172,10.60660172,50,-35.39339828,10.60660172,2
50,70,0,15,3,8,70,0,15,37,0,15,2
80,40,0,-15,4,3,40,35,-15,40,-15,-15,2
80,40,0,-15,4,3,40,41,-15,40,-15,-15,2
30,50,10.60660172,10.60660172,1,8,50,10.60660172,10.60660172,21,10.60660172,10.60660172,2
50,50,10.60660172,10.60660172,1,1,50,-16.39339828,10.60660172,50,80.60660172,10.60660172,2
50,70,0,15,3,6,70,-11.3137085,3.686291501,70,34.64823228,49.64823228,2
50,50,35.35533906,35.35533906,6,2,50,35.35533906,-47.64466094,50,35.35533906,61.35533906,2
30,50,10.60660172,10.60660172,1,4,50,10.60660172,10.60660172,50,10.60660172,-30.39339828,2
50,40,0,-15,4,4,40,0,39,40,0,-33,2
50,50,35.35533906,35.35533906,6,8,66,35.35533906,35.35533906,29,35.35533906,35.35533906,2
80,50,10.60660172,10.60660172,1,7,50,10.60660172,10.60660172,75,10.60660172,10.60660172,2
30,95,0,0,5,10,95.70710678,-0.707106781,0,34.18881682,60.81118318,0,2
80,70,0,15,3,7,44,0,15,96,0,15,2
30,50,10.60660172,10.60660172,1,3,50,70.60660172,10.60660172,50,-35.39339828,10.60660172,2
50,50,35.35533906,35.35533906,6,1,50,-21.64466094,35.35533906,50,80.35533906,35.35533906,2
50,60,-10.60660172,10.60660172,2,6,60,-10.60660172,10.60660172,60,47.37615434,68.58935778,2
50,40,0,-15,4,6,40,0,-15,40,67.17514421,52.17514421,2
80,50,10.60660172,10.60660172,1,6,50,2.121320344,2.121320344,50,65.76093065,65.76093065,2
80,60,-10.60660172,10.60660172,2,8,76,-10.60660172,10.60660172,15,-10.60660172,10.60660172,2
80,50,10.60660172,10.60660172,1,8,75,10.60660172,10.60660172,15,10.60660172,10.60660172,2
50,95,0,0,5,10,95,0,0,51.86648635,43.13351365,0,2
30,50,10.60660172,10.60660172,1,7,15,10.60660172,10.60660172,90,10.60660172,10.60660172,2
50,40,0,-15,4,5,40,-36.06244584,21.06244584,40,80.61017306,-95.61017306,2
80,40,0,-15,4,7,29,0,-15,90,0,-15,2
50,50,10.60660172,10.60660172,1,8,56,10.60660172,10.60660172,15,10.60660172,10.60660172,2
30,50,10.60660172,10.60660172,1,5,50,-14.8492424,36.06244584,50,89.09545443,-67.88225099,2
50,70,0,15,3,5,70,-25.45584412,40.45584412,70,61.51828996,-46.51828996,2
50,50,10.60660172,10.60660172,1,3,50,26.60660172,10.60660172,50,-35.39339828,10.60660172,2
30,50,35.35533906,35.35533906,6,7,29,35.35533906,35.35533906,71,35.35533906,35.35533906,2
30,50,35.35533906,35.35533906,6,5,Inf,Inf,Inf,Inf,Inf,Inf,2
80,70,0,15,3,2,70,0,-15,70,0,75,2
50,50,10.60660172,10.60660172,1,8,66,10.60660172,10.60660172,15,10.60660172,10.60660172,2
30,40,0,-15,4,5,40,-36.06244584,21.06244584,40,80.61017306,-95.61017306,2
30,70,0,15,3,5,70,-28.99137803,43.99137803,70,61.51828996,-46.51828996,2
30,40,0,-15,4,1,40,0,-15,40,70,-15,2
80,40,0,-15,4,8,42,0,-15,9,0,-15,2
50,50,10.60660172,10.60660172,1,7,39,10.60660172,10.60660172,90,10.60660172,10.60660172,2
80,50,35.35533906,35.35533906,6,6,50,9.899494937,9.899494937,50,65.76093065,65.76093065,2
50,50,10.60660172,10.60660172,1,5,50,2.828427125,18.38477631,50,89.09545443,-67.88225099,2
80,70,0,15,3,3,70,36,15,70,-47,15,2
30,95,0,0,5,8,95,0,0,25,0,0,2
50,70,0,15,3,3,70,23,15,70,-47,15,2
30,40,0,-15,4,7,24,0,-15,90,0,-15,2
50,50,10.60660172,10.60660172,1,4,50,10.60660172,26.60660172,50,10.60660172,-50.39339828,2
80,60,-10.60660172,10.60660172,2,1,60,-10.60660172,10.60660172,60,60.39339828,10.60660172,2
80,50,35.35533906,35.35533906,6,8,66,35.35533906,35.35533906,29,35.35533906,35.35533906,2
80,70,0,15,3,5,70,-21.92031022,36.92031022,70,61.51828996,-46.51828996,2
30,50,35.35533906,35.35533906,6,6,50,9.899494937,9.899494937,50,65.76093065,65.76093065,2
30,40,0,-15,4,3,40,46,-15,40,-15,-15,2
50,50,10.60660172,10.60660172,1,3,50,10.60660172,10.60660172,50,-35.39339828,10.60660172,2
80,70,0,15,3,4,70,0,36,70,0,-47,2
50,60,-10.60660172,10.60660172,2,8,60,-10.60660172,10.60660172,25,-10.60660172,10.60660172,2
50,50,35.35533906,35.35533906,6,6,50,2.828427125,2.828427125,50,65.76093065,65.76093065,2
50,50,10.60660172,10.60660172,1,5,50,-28.99137803,50.20458146,50,89.09545443,-67.88225099,2
50,50,35.35533906,35.35533906,6,5,Inf,Inf,Inf,Inf,Inf,Inf,2
30,40,0,-15,4,2,40,0,-15,40,0,24,2
30,50,35.35533906,35.35533906,6,6,50,-11.3137085,-11.3137085,50,65.76093065,65.76093065,2
80,95,0,0,5,10,95,0,0,34.18881682,60.81118318,0,2
50,60,-10.60660172,10.60660172,2,4,60,-10.60660172,51.60660172,60,-10.60660172,-33.39339828,2
80,50,10.60660172,10.60660172,1,4,50,10.60660172,46.60660172,50,10.60660172,-50.39339828,2
50,60,-10.60660172,10.60660172,2,1,60,-21.60660172,10.60660172,60,65.39339828,10.60660172,2
30,40,0,-15,4,2,40,0,-21,40,0,49,2
30,70,0,15,3,3,70,16,15,70,-47,15,2
80,60,-10.60660172,10.60660172,2,4,60,-10.60660172,46.60660172,60,-10.60660172,-33.39339828,2
50,70,0,15,3,4,70,0,26,70,0,-47,2
30,50,35.35533906,35.35533906,6,7,29,35.35533906,35.35533906,71,35.35533906,35.35533906,2
80,50,35.35533906,35.35533906,6,2,50,35.35533906,-25.64466094,50,35.35533906,61.35533906,2
80,50,35.35533906,35.35533906,6,3,50,35.35533906,35.35533906,50,-46.64466094,35.35533906,2
30,60,-10.60660172,10.60660172,2,7,39,-10.60660172,10.60660172,98,-10.60660172,10.60660172,2
80,70,0,15,3,2,70,0,-26,70,0,75,2
50,70,0,15,3,7,22,0,15,96,0,15,2
50,40,0,-15,4,4,40,0,-15,40,0,-33,2
30,50,10.60660172,10.60660172,1,1,50,-20.39339828,10.60660172,50,80.60660172,10.60660172,2
80,95,0,0,5,11,99.24264069,0,4.242640687,53.28069991,0,-41.71930009,2
50,70,0,15,3,3,70,15,15,70,-47,15,2
30,50,35.35533906,35.35533906,6,1,50,19.35533906,35.35533906,50,80.35533906,35.35533906,2
30,95,0,0,5,12,95.70710678,0,-0.707106781,43.38120497,0,51.61879503,2
80,40,0,-15,4,2,40,0,-23,40,0,49,2
50,95,0,0,5,8,95,0,0,0,0,0,2
50,40,0,-15,4,2,40,0,-15,40,0,49,2
50,95,0,0,5,11,99.24264069,0,4.242640687,53.28069991,0,-41.71930009,2
30,70,0,15,3,7,17,0,15,96,0,15,2
30,50,10.60660172,10.60660172,1,6,50,-7.071067812,-7.071067812,50,65.76093065,65.76093065,2
80,95,0,0,5,12,95.70710678,0,-0.707106781,43.38120497,0,51.61879503,2
30,50,10.60660172,10.60660172,1,2,50,10.60660172,-20.39339828,50,10.60660172,58.60660172,2
50,40,0,-15,4,3,Inf,Inf,Inf,Inf,Inf,Inf,2
80,95,0,0,5,8,95,0,0,19,0,0,2
50,70,0,15,3,4,70,0,21,70,0,-47,2
30,70,0,15,3,7,39,0,15,96,0,15,2
30,70,0,15,3,2,70,0,4,70,0,75,2
50,50,35.35533906,35.35533906,6,8,61,35.35533906,35.35533906,29,35.35533906,35.35533906,2
30,50,10.60660172,10.60660172,1,2,50,10.60660172,-10.39339828,50,10.60660172,58.60660172,2
80,50,35.35533906,35.35533906,6,5,Inf,Inf,Inf,Inf,Inf,Inf,2
80,50,35.35533906,35.35533906,6,1,50,24.35533906,35.35533906,50,80.35533906,35.35533906,2
80,70,0,15,3,8,81,0,15,17,0,15,2
30,50,10.60660172,10.60660172,1,4,50,10.60660172,31.60660172,50,10.60660172,-50.39339828,2
30,70,0,15,3,2,70,0,-1,70,0,75,2
50,50,35.35533906,35.35533906,6,3,50,41.35533906,35.35533906,50,-46.64466094,35.35533906,2
50,50,35.35533906,35.35533906,6,5,50,12.02081528,58.68986284,50,82.7314934,-12.02081528,2
80,70,0,15,3,4,70,0,41,70,0,-47,2
50,40,0,-15,4,6,40,-4.949747468,-19.94974747,40,67.17514421,52.17514421,2
50,60,-10.60660172,10.60660172,2,3,60,55.39339828,10.60660172,60,-40.60660172,10.60660172,2
30,70,0,15,3,8,70,0,15,17,0,15,2
80,50,10.60660172,10.60660172,1,5,50,-30.40559159,51.61879503,50,89.09545443,-67.88225099,2
50,40,0,-15,4,2,40,0,-23,40,0,49,2
30,40,0,-15,4,8,79,0,-15,9,0,-15,2
30,70,0,15,3,3,70,36,15,70,-47,15,2
30,50,35.35533906,35.35533906,6,2,50,35.35533906,-71.64466094,50,35.35533906,61.35533906,2
30,95,0,0,5,9,Inf,Inf,Inf,Inf,Inf,Inf,2
30,60,-10.60660172,10.60660172,2,5,60,-21.92031022,21.92031022,60,62.93250353,-62.93250353,2
30,60,-10.60660172,10.60660172,2,1,60,-26.60660172,10.60660172,60,65.39339828,10.60660172,2
50,70,0,15,3,5,70,-25.45584412,40.45584412,70,61.51828996,-46.51828996,2
30,70,0,15,3,4,70,0,31,70,0,-47,2
50,60,-10.60660172,10.60660172,2,4,60,-10.60660172,65.60660172,60,-10.60660172,-33.39339828,2
80,40,0,-15,4,8,66,0,-15,9,0,-15,2
80,40,0,-15,4,2,Inf,Inf,Inf,Inf,Inf,Inf,2
30,60,-10.60660172,10.60660172,2,2,60,-10.60660172,-15.39339828,60,-10.60660172,65.60660172,2
30,60,-10.60660172,10.60660172,2,4,60,-10.60660172,21.60660172,60,-10.60660172,-33.39339828,2
80,50,10.60660172,10.60660172,1,1,50,-5.393398282,10.60660172,50,80.60660172,10.60660172,2
80,95,0,0,5,11,99.24264069,0,4.242640687,53.28069991,0,-41.71930009,2
80,40,0,-15,4,4,40,0,34,40,0,-33,2
80,95,0,0,5,9,95,0,0,77.32233047,-17.67766953,0,3
80,60,-10.60660172,10.60660172,2,1,60,-10.60660172,10.60660172,60,35.39339828,10.60660172,3
30,50,35.35533906,35.35533906,6,2,50,35.35533906,35.35533906,50,35.35533906,48.35533906,3
80,70,0,15,3,3,70,11,15,70,-47,15,3
30,40,0,-15,4,8,40,0,-15,18,0,-15,3
30,50,35.35533906,35.35533906,6,3,50,35.35533906,35.35533906,50,-30.64466094,35.35533906,3
30,70,0,15,3,6,70,0,15,70,27.57716447,42.57716447,3
80,95,0,0,5,12,95,0,0,52.57359313,0,42.42640687,3
30,50,35.35533906,35.35533906,6,3,50,35.35533906,35.35533906,50,-19.64466094,35.35533906,3
30,95,0,0,5,10,95,0,0,59.64466094,35.35533906,0,3
30,70,0,15,3,1,70,0,15,70,21,15,3
80,50,10.60660172,10.60660172,1,2,50,10.60660172,-0.393398282,50,10.60660172,58.60660172,3
30,95,0,0,5,11,95,0,0,56.10912703,0,-38.89087297,3
80,50,10.60660172,10.60660172,1,1,50,10.60660172,10.60660172,50,14.60660172,10.60660172,3
30,60,-10.60660172,10.60660172,2,3,60,16.39339828,10.60660172,60,-40.60660172,10.60660172,3
80,40,0,-15,4,5,40,-36.06244584,21.06244584,40,80.61017306,-95.61017306,3
50,60,-10.60660172,10.60660172,2,2,60,-10.60660172,-33.39339828,60,-10.60660172,65.60660172,3
80,70,0,15,3,6,70,0,15,70,34.64823228,49.64823228,3
80,95,0,0,5,8,95,0,0,64,0,0,3
80,60,-10.60660172,10.60660172,2,8,93,-10.60660172,10.60660172,15,-10.60660172,10.60660172,3
30,40,0,-15,4,6,40,0,-15,40,31.81980515,16.81980515,3
30,95,0,0,5,11,99.24264069,0,4.242640687,53.28069991,0,-41.71930009,3
30,50,10.60660172,10.60660172,1,6,50,10.60660172,10.60660172,50,61.51828996,61.51828996,3
80,50,35.35533906,35.35533906,6,3,50,72.35533906,35.35533906,50,-46.64466094,35.35533906,3
80,40,0,-15,4,7,40,0,-15,78,0,-15,3
80,50,10.60660172,10.60660172,1,3,50,45.60660172,10.60660172,50,-35.39339828,10.60660172,3
30,40,0,-15,4,1,40,0,-15,40,41,-15,3
80,60,-10.60660172,10.60660172,2,3,60,40.39339828,10.60660172,60,-40.60660172,10.60660172,3
50,60,-10.60660172,10.60660172,2,2,60,-10.60660172,-8.393398282,60,-10.60660172,65.60660172,3
30,60,-10.60660172,10.60660172,2,5,60,-22.627417,22.627417,60,62.93250353,-62.93250353,3
30,50,10.60660172,10.60660172,1,3,50,29.60660172,10.60660172,50,-35.39339828,10.60660172,3
80,50,10.60660172,10.60660172,1,6,50,10.60660172,10.60660172,50,65.76093065,65.76093065,3
30,40,0,-15,4,7,25,0,-15,90,0,-15,3
30,50,10.60660172,10.60660172,1,1,50,10.60660172,10.60660172,50,75.60660172,10.60660172,3
80,50,35.35533906,35.35533906,6,7,Inf,Inf,Inf,Inf,Inf,Inf,3
50,70,0,15,3,7,31,0,15,96,0,15,3
30,60,-10.60660172,10.60660172,2,8,60,-10.60660172,10.60660172,25,-10.60660172,10.60660172,3
30,50,10.60660172,10.60660172,1,5,50,-4.242640687,25.45584412,50,89.09545443,-67.88225099,3
80,50,35.35533906,35.35533906,6,8,71,35.35533906,35.35533906,29,35.35533906,35.35533906,3
50,70,0,15,3,8,70,0,15,25,0,15,3
80,40,0,-15,4,1,40,-10,-15,40,70,-15,3
30,60,-10.60660172,10.60660172,2,3,60,10.39339828,10.60660172,60,-40.60660172,10.60660172,3
80,60,-10.60660172,10.60660172,2,3,Inf,Inf,Inf,Inf,Inf,Inf,3
50,60,-10.60660172,10.60660172,2,1,60,-10.60660172,10.60660172,60,52.39339828,10.60660172,3
80,60,-10.60660172,10.60660172,2,7,19,-10.60660172,10.60660172,98,-10.60660172,10.60660172,3
30,50,35.35533906,35.35533906,6,4,50,35.35533906,35.35533906,50,35.35533906,-54.64466094,3
50,50,35.35533906,35.35533906,6,1,50,-32.64466094,35.35533906,50,80.35533906,35.35533906,3
30,40,0,-15,4,6,40,0,-15,40,38.89087297,23.89087297,3
80,50,35.35533906,35.35533906,6,6,50,-10.60660172,-10.60660172,50,65.76093065,65.76093065,3
50,50,10.60660172,10.60660172,1,6,50,-12.02081528,-12.02081528,50,65.76093065,65.76093065,3
30,60,-10.60660172,10.60660172,2,6,60,-10.60660172,10.60660172,60,14.8492424,36.06244584,3
50,50,35.35533906,35.35533906,6,7,31,35.35533906,35.35533906,71,35.35533906,35.35533906,3
30,50,35.35533906,35.35533906,6,8,Inf,Inf,Inf,Inf,Inf,Inf,3
50,50,10.60660172,10.60660172,1,4,50,10.60660172,38.60660172,50,10.60660172,-50.39339828,3
50,95,0,0,5,12,95,0,0,62.47308807,0,32.52691193,3
50,40,0,-15,4,8,70,0,-15,9,0,-15,3
50,40,0,-15,4,7,29,0,-15,90,0,-15,3
80,60,-10.60660172,10.60660172,2,2,60,-10.60660172,-13.39339828,60,-10.60660172,65.60660172,3
50,60,-10.60660172,10.60660172,2,7,45,-10.60660172,10.60660172,98,-10.60660172,10.60660172,3
50,95,0,0,5,8,95,0,0,31,0,0,3
50,50,35.35533906,35.35533906,6,2,50,35.35533906,-48.64466094,50,35.35533906,61.35533906,3
80,70,0,15,3,7,51,0,15,96,0,15,3
50,95,0,0,5,10,95,0,0,44.08831175,50.91168825,0,3
80,40,0,-15,4,5,Inf,Inf,Inf,Inf,Inf,Inf,3
30,95,0,0,5,12,95,0,0,48.33095244,0,46.66904756,3
80,70,0,15,3,8,Inf,Inf,Inf,Inf,Inf,Inf,3
30,60,-10.60660172,10.60660172,2,4,60,-10.60660172,34.60660172,60,-10.60660172,-33.39339828,3
30,60,-10.60660172,10.60660172,2,7,28,-10.60660172,10.60660172,98,-10.60660172,10.60660172,3
30,40,0,-15,4,4,40,0,16,40,0,-33,3
50,40,0,-15,4,5,40,-21.92031022,6.920310217,40,80.61017306,-95.61017306,3
50,95,0,0,5,9,95,0,0,60.35176772,-34.64823228,0,3
50,40,0,-15,4,3,40,50,-15,40,-15,-15,3
50,70,0,15,3,1,70,-8,15,70,43,15,3
50,40,0,-15,4,1,40,0,-15,40,58,-15,3
80,50,10.60660172,10.60660172,1,4,50,10.60660172,10.60660172,50,10.60660172,-45.39339828,3
80,50,35.35533906,35.35533906,6,2,50,35.35533906,-42.64466094,50,35.35533906,61.35533906,3
80,50,35.35533906,35.35533906,6,4,50,35.35533906,35.35533906,50,35.35533906,-70.64466094,3
80,50,10.60660172,10.60660172,1,7,50,10.60660172,10.60660172,80,10.60660172,10.60660172,3
80,70,0,15,3,1,70,-16,15,70,43,15,3
80,70,0,15,3,1,70,-16,15,70,43,15,3
80,50,35.35533906,35.35533906,6,7,Inf,Inf,Inf,Inf,Inf,Inf,3
50,50,10.60660172,10.60660172,1,6,50,-14.8492424,-14.8492424,50,65.76093065,65.76093065,3
30,95,0,0,5,9,95,0,0,67.42283553,-27.57716447,0,3
30,50,10.60660172,10.60660172,1,7,50,10.60660172,10.60660172,85,10.60660172,10.60660172,3
50,50,35.35533906,35.35533906,6,4,50,35.35533906,35.35533906,50,35.35533906,-46.64466094,3
50,50,10.60660172,10.60660172,1,2,50,10.60660172,-27.39339828,50,10.60660172,58.60660172,3
80,60,-10.60660172,10.60660172,2,4,60,-10.60660172,20.60660172,60,-10.60660172,-33.39339828,3
50,40,0,-15,4,8,60,0,-15,9,0,-15,3
50,60,-10.60660172,10.60660172,2,8,60,-10.60660172,10.60660172,30,-10.60660172,10.60660172,3
50,50,35.35533906,35.35533906,6,4,50,35.35533906,35.35533906,50,35.35533906,-45.64466094,3
80,60,-10.60660172,10.60660172,2,5,60,-10.60660172,10.60660172,60,50.20458146,-50.20458146,3
30,50,35.35533906,35.35533906,6,1,50,-13.64466094,35.35533906,50,80.35533906,35.35533906,3
80,60,-10.60660172,10.60660172,2,5,60,-10.60660172,10.60660172,60,45.254834,-45.254834,3
80,50,35.35533906,35.35533906,6,5,50,12.02081528,58.68986284,50,82.7314934,-12.02081528,3
80,60,-10.60660172,10.60660172,2,2,60,-10.60660172,-12.39339828,60,-10.60660172,65.60660172,3
30,70,0,15,3,6,70,-13.43502884,1.564971157,70,34.64823228,49.64823228,3
50,60,-10.60660172,10.60660172,2,5,60,-10.60660172,10.60660172,60,35.35533906,-35.35533906,3
50,40,0,-15,4,7,40,0,-15,77,0,-15,3
50,40,0,-15,4,1,40,0,-15,40,44,-15,3
30,50,10.60660172,10.60660172,1,8,50,10.60660172,10.60660172,27,10.60660172,10.60660172,3
50,95,0,0,5,12,95,0,0,58.93755416,0,36.06244584,3
30,95,0,0,5,8,95,0,0,23,0,0,3
80,95,0,0,5,10,97.12132034,-2.121320344,0,34.18881682,60.81118318,0,3
50,50,10.60660172,10.60660172,1,7,36,10.60660172,10.60660172,90,10.60660172,10.60660172,3
30,70,0,15,3,8,70,0,15,29,0,15,3
50,70,0,15,3,6,70,-17.67766953,-2.67766953,70,34.64823228,49.64823228,3
50,50,35.35533906,35.35533906,6,7,38,35.35533906,35.35533906,71,35.35533906,35.35533906,3
30,50,35.35533906,35.35533906,6,5,Inf,Inf,Inf,Inf,Inf,Inf,3
30,40,0,-15,4,3,40,65,-15,40,-15,-15,3
30,40,0,-15,4,4,40,0,13,40,0,-33,3
80,95,0,0,5,9,95,0,0,60.35176772,-34.64823228,0,3
80,50,35.35533906,35.35533906,6,1,50,-24.64466094,35.35533906,50,80.35533906,35.35533906,3
30,60,-10.60660172,10.60660172,2,2,60,-10.60660172,10.60660172,60,-10.60660172,54.60660172,3
30,40,0,-15,4,5,40,-24.04163056,9.04163056,40,80.61017306,-95.61017306,3
80,50,10.60660172,10.60660172,1,5,50,-9.899494937,31.11269837,50,89.09545443,-67.88225099,3
30,60,-10.60660172,10.60660172,2,8,60,-10.60660172,10.60660172,27,-10.60660172,10.60660172,3
30,70,0,15,3,1,70,-20,15,70,43,15,3
80,60,-10.60660172,10.60660172,2,6,60,-10.60660172,10.60660172,60,12.02081528,33.23401872,3
50,50,35.35533906,35.35533906,6,6,50,-8.485281374,-8.485281374,50,65.76093065,65.76093065,3
80,50,35.35533906,35.35533906,6,4,50,35.35533906,44.35533906,50,35.35533906,-75.64466094,3
50,50,35.35533906,35.35533906,6,3,50,35.35533906,35.35533906,50,-21.64466094,35.35533906,3
50,60,-10.60660172,10.60660172,2,6,60,-10.60660172,10.60660172,60,40.30508653,61.51828996,3
30,50,35.35533906,35.35533906,6,4,50,35.35533906,35.35533906,50,35.35533906,-69.64466094,3
80,50,10.60660172,10.60660172,1,2,Inf,Inf,Inf,Inf,Inf,Inf,3
80,40,0,-15,4,6,40,0,-15,40,46.66904756,31.66904756,3
50,50,10.60660172,10.60660172,1,2,50,10.60660172,-45.39339828,50,10.60660172,58.60660172,3
50,60,-10.60660172,10.60660172,2,7,47,-10.60660172,10.60660172,98,-10.60660172,10.60660172,3
80,70,0,15,3,5,70,-5.656854249,20.65685425,70,61.51828996,-46.51828996,3
30,50,35.35533906,35.35533906,6,8,50,35.35533906,35.35533906,32,35.35533906,35.35533906,3
80,40,0,-15,4,1,40,0,-15,40,62,-15,3
80,50,10.60660172,10.60660172,1,8,82,10.60660172,10.60660172,15,10.60660172,10.60660172,3
50,95,0,0,5,9,Inf,Inf,Inf,Inf,Inf,Inf,3
50,95,0,0,5,11,95,0,0,56.81623382,0,-38.18376618,3
30,60,-10.60660172,10.60660172,2,6,60,-10.60660172,10.60660172,60,29.69848481,50.91168825,3
50,60,-10.60660172,10.60660172,2,5,60,-10.60660172,10.60660172,60,43.13351365,-43.13351365,3
80,70,0,15,3,6,70,-9.899494937,5.100505063,70,34.64823228,49.64823228,3
80,40,0,-15,4,6,40,0,-15,40,28.28427125,13.28427125,3
30,70,0,15,3,5,70,-8.485281374,23.48528137,70,61.51828996,-46.51828996,3
50,50,10.60660172,10.60660172,1,1,50,-12.39339828,10.60660172,50,80.60660172,10.60660172,3
30,70,0,15,3,4,70,0,36,70,0,-47,3
50,60,-10.60660172,10.60660172,2,3,60,1.393398282,10.60660172,60,-40.60660172,10.60660172,3
50,70,0,15,3,2,70,0,-6,70,0,75,3
80,60,-10.60660172,10.60660172,2,7,60,-10.60660172,10.60660172,83,-10.60660172,10.60660172,3
50,70,0,15,3,1,70,-15,15,70,43,15,3
50,70,0,15,3,2,70,0,-8,70,0,75,3
30,60,-10.60660172,10.60660172,2,1,60,-10.60660172,10.60660172,60,65.39339828,10.60660172,3
80,40,0,-15,4,4,40,0,4,40,0,-33,3
80,60,-10.60660172,10.60660172,2,6,60,-10.60660172,10.60660172,60,14.14213562,35.35533906,3
80,50,10.60660172,10.60660172,1,3,50,25.60660172,10.60660172,50,-35.39339828,10.60660172,3
50,70,0,15,3,8,70,0,15,45,0,15,3
80,40,0,-15,4,3,40,34,-15,40,-15,-15,3
80,40,0,-15,4,3,40,16,-15,40,-15,-15,3
30,50,10.60660172,10.60660172,1,8,50,10.60660172,10.60660172,24,10.60660172,10.60660172,3
50,50,10.60660172,10.60660172,1,1,50,-14.39339828,10.60660172,50,80.60660172,10.60660172,3
50,70,0,15,3,6,70,0,15,70,16.97056275,31.97056275,3
50,50,35.35533906,35.35533906,6,2,50,35.35533906,-18.64466094,50,35.35533906,61.35533906,3
30,50,10.60660172,10.60660172,1,4,50,10.60660172,32.60660172,50,10.60660172,-50.39339828,3
50,40,0,-15,4,4,40,0,30,40,0,-33,3
50,50,35.35533906,35.35533906,6,8,50,35.35533906,35.35533906,29,35.35533906,35.35533906,3
80,50,10.60660172,10.60660172,1,7,50,10.60660172,10.60660172,83,10.60660172,10.60660172,3
30,95,0,0,5,10,95,0,0,63.88730163,31.11269837,0,3
80,70,0,15,3,7,70,0,15,91,0,15,3
30,50,10.60660172,10.60660172,1,3,50,10.60660172,10.60660172,50,-23.39339828,10.60660172,3
50,50,35.35533906,35.35533906,6,1,50,-9.644660941,35.35533906,50,80.35533906,35.35533906,3
50,60,-10.60660172,10.60660172,2,6,60,-10.60660172,10.60660172,60,31.11269837,52.32590181,3
50,40,0,-15,4,6,40,0,-15,40,19.09188309,4.091883092,3
80,50,10.60660172,10.60660172,1,6,50,3.535533906,3.535533906,50,65.76093065,65.76093065,3
80,60,-10.60660172,10.60660172,2,8,60,-10.60660172,10.60660172,18,-10.60660172,10.60660172,3
80,50,10.60660172,10.60660172,1,8,84,10.60660172,10.60660172,15,10.60660172,10.60660172,3
50,95,0,0,5,10,95,0,0,63.18019485,31.81980515,0,3
30,50,10.60660172,10.60660172,1,7,32,10.60660172,10.60660172,90,10.60660172,10.60660172,3
50,40,0,-15,4,5,40,-32.52691193,17.52691193,40,80.61017306,-95.61017306,3
80,40,0,-15,4,7,40,0,-15,82,0,-15,3
50,50,10.60660172,10.60660172,1,8,54,10.60660172,10.60660172,15,10.60660172,10.60660172,3
30,50,10.60660172,10.60660172,1,5,50,10.60660172,10.60660172,50,71.4177849,-50.20458146,3
50,70,0,15,3,5,70,0,15,70,36.06244584,-21.06244584,3
50,50,10.60660172,10.60660172,1,3,50,18.60660172,10.60660172,50,-35.39339828,10.60660172,3
30,50,35.35533906,35.35533906,6,7,35,35.35533906,35.35533906,71,35.35533906,35.35533906,3
30,50,35.35533906,35.35533906,6,5,50,35.35533906,35.35533906,50,82.7314934,-12.02081528,3
80,70,0,15,3,2,70,0,-9,70,0,75,3
50,50,10.60660172,10.60660172,1,8,52,10.60660172,10.60660172,15,10.60660172,10.60660172,3
30,40,0,-15,4,5,40,-19.79898987,4.798989873,40,80.61017306,-95.61017306,3
30,70,0,15,3,5,70,-20.50609665,35.50609665,70,61.51828996,-46.51828996,3
30,40,0,-15,4,1,40,0,-15,40,47,-15,3
80,40,0,-15,4,8,40,0,-15,18,0,-15,3
50,50,10.60660172,10.60660172,1,7,29,10.60660172,10.60660172,90,10.60660172,10.60660172,3
80,50,35.35533906,35.35533906,6,6,50,0.707106781,0.707106781,50,65.76093065,65.76093065,3
50,50,10.60660172,10.60660172,1,5,50,-4.949747468,26.1629509,50,89.09545443,-67.88225099,3
80,70,0,15,3,3,Inf,Inf,Inf,Inf,Inf,Inf,3
30,95,0,0,5,8,95,0,0,29,0,0,3
50,70,0,15,3,3,70,20,15,70,-47,15,3
30,40,0,-15,4,7,40,0,-15,74,0,-15,3
50,50,10.60660172,10.60660172,1,4,50,10.60660172,10.60660172,50,10.60660172,-21.39339828,3
80,60,-10.60660172,10.60660172,2,1,60,-20.60660172,10.60660172,60,65.39339828,10.60660172,3
80,50,35.35533906,35.35533906,6,8,62,35.35533906,35.35533906,29,35.35533906,35.35533906,3
80,70,0,15,3,5,70,-29.69848481,44.69848481,70,61.51828996,-46.51828996,3
30,50,35.35533906,35.35533906,6,6,50,14.8492424,14.8492424,50,65.76093065,65.76093065,3
30,40,0,-15,4,3,40,48,-15,40,-15,-15,3
50,50,10.60660172,10.60660172,1,3,50,11.60660172,10.60660172,50,-35.39339828,10.60660172,3
80,70,0,15,3,4,70,0,42,70,0,-47,3
50,60,-10.60660172,10.60660172,2,8,60,-10.60660172,10.60660172,38,-10.60660172,10.60660172,3
50,50,35.35533906,35.35533906,6,6,50,-4.242640687,-4.242640687,50,65.76093065,65.76093065,3
50,50,10.60660172,10.60660172,1,5,50,-2.828427125,24.04163056,50,89.09545443,-67.88225099,3
50,50,35.35533906,35.35533906,6,5,Inf,Inf,Inf,Inf,Inf,Inf,3
30,40,0,-15,4,2,40,0,-15,40,0,20,3
30,50,35.35533906,35.35533906,6,6,50,10.60660172,10.60660172,50,65.76093065,65.76093065,3
80,95,0,0,5,10,95,0,0,47.62384566,47.37615434,0,3
50,60,-10.60660172,10.60660172,2,4,60,-10.60660172,25.60660172,60,-10.60660172,-33.39339828,3
80,50,10.60660172,10.60660172,1,4,50,10.60660172,10.60660172,50,10.60660172,-21.39339828,3
50,60,-10.60660172,10.60660172,2,1,60,-10.60660172,10.60660172,60,37.39339828,10.60660172,3
30,40,0,-15,4,2,40,0,-15,40,0,16,3
30,70,0,15,3,3,70,41,15,70,-47,15,3
80,60,-10.60660172,10.60660172,2,4,60,-10.60660172,10.60660172,60,-10.60660172,-33.39339828,3
50,70,0,15,3,4,70,0,15,70,0,-21,3
30,50,35.35533906,35.35533906,6,7,33,35.35533906,35.35533906,71,35.35533906,35.35533906,3
80,50,35.35533906,35.35533906,6,2,50,35.35533906,-25.64466094,50,35.35533906,61.35533906,3
80,50,35.35533906,35.35533906,6,3,50,45.35533906,35.35533906,50,-46.64466094,35.35533906,3
30,60,-10.60660172,10.60660172,2,7,60,-10.60660172,10.60660172,93,-10.60660172,10.60660172,3
80,70,0,15,3,2,70,0,-5,70,0,75,3
50,70,0,15,3,7,48,0,15,96,0,15,3
50,40,0,-15,4,4,40,0,16,40,0,-33,3
30,50,10.60660172,10.60660172,1,1,50,2.606601718,10.60660172,50,80.60660172,10.60660172,3
80,95,0,0,5,11,95,0,0,75.90811691,0,-19.09188309,3
50,70,0,15,3,3,70,15,15,70,-47,15,3
30,50,35.35533906,35.35533906,6,1,50,11.35533906,35.35533906,50,80.35533906,35.35533906,3
30,95,0,0,5,12,95,0,0,56.10912703,0,38.89087297,3
80,40,0,-15,4,2,40,0,-15,40,0,45,3
50,95,0,0,5,8,95,0,0,41,0,0,3
50,40,0,-15,4,2,40,0,-18,40,0,49,3
50,95,0,0,5,11,Inf,Inf,Inf,Inf,Inf,Inf,3
30,70,0,15,3,7,41,0,15,96,0,15,3
30,50,10.60660172,10.60660172,1,6,50,10.60660172,10.60660172,50,63.63961031,63.63961031,3
80,95,0,0,5,12,95,0,0,73.78679656,0,21.21320344,3
30,50,10.60660172,10.60660172,1,2,50,10.60660172,-7.393398282,50,10.60660172,58.60660172,3
50,40,0,-15,4,3,40,45,-15,40,-15,-15,3
80,95,0,0,5,8,95,0,0,62,0,0,3
50,70,0,15,3,4,70,0,15,70,0,-31,3
30,70,0,15,3,7,45,0,15,96,0,15,3
30,70,0,15,3,2,70,0,-3,70,0,75,3
50,50,35.35533906,35.35533906,6,8,66,35.35533906,35.35533906,29,35.35533906,35.35533906,3
30,50,10.60660172,10.60660172,1,2,50,10.60660172,-7.393398282,50,10.60660172,58.60660172,3
80,50,35.35533906,35.35533906,6,5,50,24.74873734,45.96194078,50,82.7314934,-12.02081528,3
80,50,35.35533906,35.35533906,6,1,50,35.35533906,35.35533906,50,75.35533906,35.35533906,3
80,70,0,15,3,8,83,0,15,17,0,15,3
30,50,10.60660172,10.60660172,1,4,50,10.60660172,21.60660172,50,10.60660172,-50.39339828,3
30,70,0,15,3,2,70,0,1,70,0,75,3
50,50,35.35533906,35.35533906,6,3,50,35.35533906,35.35533906,50,-17.64466094,35.35533906,3
50,50,35.35533906,35.35533906,6,5,50,21.21320344,49.49747468,50,82.7314934,-12.02081528,3
80,70,0,15,3,4,70,0,45,70,0,-47,3
50,40,0,-15,4,6,40,0,-15,40,25.45584412,10.45584412,3
50,60,-10.60660172,10.60660172,2,3,60,14.39339828,10.60660172,60,-40.60660172,10.60660172,3
30,70,0,15,3,8,70,0,15,30,0,15,3
80,50,10.60660172,10.60660172,1,5,50,-9.899494937,31.11269837,50,89.09545443,-67.88225099,3
50,40,0,-15,4,2,40,0,-15,40,0,22,3
30,40,0,-15,4,8,40,0,-15,23,0,-15,3
30,70,0,15,3,3,70,38,15,70,-47,15,3
30,50,35.35533906,35.35533906,6,2,50,35.35533906,-3.644660941,50,35.35533906,61.35533906,3
30,95,0,0,5,9,Inf,Inf,Inf,Inf,Inf,Inf,3
30,60,-10.60660172,10.60660172,2,5,60,-24.04163056,24.04163056,60,62.93250353,-62.93250353,3
30,60,-10.60660172,10.60660172,2,1,60,-10.60660172,10.60660172,60,60.39339828,10.60660172,3
50,70,0,15,3,5,70,-12.72792206,27.72792206,70,61.51828996,-46.51828996,3
30,70,0,15,3,4,70,0,30,70,0,-47,3
50,60,-10.60660172,10.60660172,2,4,60,-10.60660172,23.60660172,60,-10.60660172,-33.39339828,3
80,40,0,-15,4,8,59,0,-15,9,0,-15,3
80,40,0,-15,4,2,40,0,-27,40,0,49,3
30,60,-10.60660172,10.60660172,2,2,60,-10.60660172,2.606601718,60,-10.60660172,65.60660172,3
30,60,-10.60660172,10.60660172,2,4,60,-10.60660172,31.60660172,60,-10.60660172,-33.39339828,3
80,50,10.60660172,10.60660172,1,1,50,-13.39339828,10.60660172,50,80.60660172,10.60660172,3
80,95,0,0,5,11,96.41421356,0,1.414213562,53.28069991,0,-41.71930009,3
80,40,0,-15,4,4,40,0,42,40,0,-33,3
80,95,0,0,5,9,95,0,0,89.34314575,-5.656854249,0,4
80,60,-10.60660172,10.60660172,2,1,60,-10.60660172,10.60660172,60,-7.606601718,10.60660172,4
30,50,35.35533906,35.35533906,6,2,50,35.35533906,35.35533906,50,35.35533906,40.35533906,4
80,70,0,15,3,3,70,0,15,70,-5,15,4
30,40,0,-15,4,8,40,0,-15,35,0,-15,4
30,50,35.35533906,35.35533906,6,3,50,35.35533906,35.35533906,50,26.35533906,35.35533906,4
30,70,0,15,3,6,70,0,15,70,7.778174593,22.77817459,4
80,95,0,0,5,12,95,0,0,87.92893219,0,7.071067812,4
30,50,35.35533906,35.35533906,6,3,50,35.35533906,35.35533906,50,27.35533906,35.35533906,4
30,95,0,0,5,10,95,0,0,85.10050506,9.899494937,0,4
30,70,0,15,3,1,70,0,15,70,3,15,4
80,50,10.60660172,10.60660172,1,2,50,10.60660172,10.60660172,50,10.60660172,38.60660172,4
30,95,0,0,5,11,95,0,0,85.80761184,0,-9.192388155,4
80,50,10.60660172,10.60660172,1,1,50,10.60660172,10.60660172,50,22.60660172,10.60660172,4
30,60,-10.60660172,10.60660172,2,3,60,-10.60660172,10.60660172,60,-21.60660172,10.60660172,4
80,40,0,-15,4,5,40,0,-15,40,14.14213562,-29.14213562,4
50,60,-10.60660172,10.60660172,2,2,60,-10.60660172,10.60660172,60,-10.60660172,19.60660172,4
80,70,0,15,3,6,70,0,15,70,8.485281374,23.48528137,4
80,95,0,0,5,8,95,0,0,86,0,0,4
80,60,-10.60660172,10.60660172,2,8,60,-10.60660172,10.60660172,54,-10.60660172,10.60660172,4
30,40,0,-15,4,6,40,0,-15,40,4.242640687,-10.75735931,4
30,95,0,0,5,11,95,0,0,85.80761184,0,-9.192388155,4
30,50,10.60660172,10.60660172,1,6,50,10.60660172,10.60660172,50,16.97056275,16.97056275,4
80,50,35.35533906,35.35533906,6,3,50,35.35533906,35.35533906,50,23.35533906,35.35533906,4
80,40,0,-15,4,7,40,0,-15,47,0,-15,4
80,50,10.60660172,10.60660172,1,3,50,10.60660172,10.60660172,50,0.606601718,10.60660172,4
30,40,0,-15,4,1,40,0,-15,40,7,-15,4
80,60,-10.60660172,10.60660172,2,3,60,-10.60660172,10.60660172,60,-19.60660172,10.60660172,4
50,60,-10.60660172,10.60660172,2,2,60,-10.60660172,10.60660172,60,-10.60660172,18.60660172,4
30,60,-10.60660172,10.60660172,2,5,60,-10.60660172,10.60660172,60,-7.071067812,7.071067812,4
30,50,10.60660172,10.60660172,1,3,50,10.60660172,10.60660172,50,3.606601718,10.60660172,4
80,50,10.60660172,10.60660172,1,6,50,10.60660172,10.60660172,50,22.627417,22.627417,4
30,40,0,-15,4,7,40,0,-15,48,0,-15,4
30,50,10.60660172,10.60660172,1,1,50,10.60660172,10.60660172,50,18.60660172,10.60660172,4
80,50,35.35533906,35.35533906,6,7,50,35.35533906,35.35533906,58,35.35533906,35.35533906,4
50,70,0,15,3,7,70,0,15,79,0,15,4
30,60,-10.60660172,10.60660172,2,8,60,-10.60660172,10.60660172,46,-10.60660172,10.60660172,4
30,50,10.60660172,10.60660172,1,5,50,10.60660172,10.60660172,50,16.26345597,4.949747468,4
80,50,35.35533906,35.35533906,6,8,50,35.35533906,35.35533906,42,35.35533906,35.35533906,4
50,70,0,15,3,8,70,0,15,63,0,15,4
80,40,0,-15,4,1,40,0,-15,40,6,-15,4
30,60,-10.60660172,10.60660172,2,3,60,-10.60660172,10.60660172,60,-22.60660172,10.60660172,4
80,60,-10.60660172,10.60660172,2,3,60,-10.60660172,10.60660172,60,-15.60660172,10.60660172,4
50,60,-10.60660172,10.60660172,2,1,60,-10.60660172,10.60660172,60,-5.606601718,10.60660172,4
80,60,-10.60660172,10.60660172,2,7,60,-10.60660172,10.60660172,62,-10.60660172,10.60660172,4
30,50,35.35533906,35.35533906,6,4,50,35.35533906,35.35533906,50,35.35533906,18.35533906,4
50,50,35.35533906,35.35533906,6,1,50,35.35533906,35.35533906,50,43.35533906,35.35533906,4
30,40,0,-15,4,6,40,0,-15,40,6.363961031,-8.636038969,4
80,50,35.35533906,35.35533906,6,6,50,35.35533906,35.35533906,50,61.51828996,61.51828996,4
50,50,10.60660172,10.60660172,1,6,50,10.60660172,10.60660172,50,13.43502884,13.43502884,4
30,60,-10.60660172,10.60660172,2,6,60,-10.60660172,10.60660172,60,-5.656854249,15.55634919,4
50,50,35.35533906,35.35533906,6,7,50,35.35533906,35.35533906,54,35.35533906,35.35533906,4
30,50,35.35533906,35.35533906,6,8,50,35.35533906,35.35533906,44,35.35533906,35.35533906,4
50,50,10.60660172,10.60660172,1,4,50,10.60660172,10.60660172,50,10.60660172,4.606601718,4
50,95,0,0,5,12,95,0,0,91.46446609,0,3.535533906,4
50,40,0,-15,4,8,40,0,-15,32,0,-15,4
50,40,0,-15,4,7,40,0,-15,45,0,-15,4
80,60,-10.60660172,10.60660172,2,2,60,-10.60660172,10.60660172,60,-10.60660172,17.60660172,4
50,60,-10.60660172,10.60660172,2,7,60,-10.60660172,10.60660172,66,-10.60660172,10.60660172,4
50,95,0,0,5,8,95,0,0,81,0,0,4
50,50,35.35533906,35.35533906,6,2,50,35.35533906,35.35533906,50,35.35533906,49.35533906,4
80,70,0,15,3,7,70,0,15,73,0,15,4
50,95,0,0,5,10,95,0,0,88.63603897,6.363961031,0,4
80,40,0,-15,4,5,40,0,-15,40,13.43502884,-28.43502884,4
30,95,0,0,5,12,95,0,0,89.34314575,0,5.656854249,4
80,70,0,15,3,8,70,0,15,64,0,15,4
30,60,-10.60660172,10.60660172,2,4,60,-10.60660172,10.60660172,60,-10.60660172,2.606601718,4
30,60,-10.60660172,10.60660172,2,7,60,-10.60660172,10.60660172,68,-10.60660172,10.60660172,4
30,40,0,-15,4,4,40,0,-10,40,0,-33,4
50,40,0,-15,4,5,40,0,-15,40,12.72792206,-27.72792206,4
50,95,0,0,5,9,95,0,0,87.22182541,-7.778174593,0,4
50,40,0,-15,4,3,40,0,-15,40,-5,-15,4
50,70,0,15,3,1,70,0,15,70,7,15,4
50,40,0,-15,4,1,40,0,-15,40,4,-15,4
80,50,10.60660172,10.60660172,1,4,50,10.60660172,10.60660172,50,10.60660172,1.606601718,4
80,50,35.35533906,35.35533906,6,2,50,35.35533906,29.35533906,50,35.35533906,61.35533906,4
80,50,35.35533906,35.35533906,6,4,50,35.35533906,35.35533906,50,35.35533906,11.35533906,4
80,50,10.60660172,10.60660172,1,7,50,10.60660172,10.60660172,52,10.60660172,10.60660172,4
80,70,0,15,3,1,70,0,15,70,8,15,4
80,70,0,15,3,1,70,0,15,70,10,15,4
80,50,35.35533906,35.35533906,6,7,50,35.35533906,35.35533906,58,35.35533906,35.35533906,4
50,50,10.60660172,10.60660172,1,6,50,10.60660172,10.60660172,50,21.92031022,21.92031022,4
30,95,0,0,5,9,95,0,0,87.22182541,-7.778174593,0,4
30,50,10.60660172,10.60660172,1,7,50,10.60660172,10.60660172,59,10.60660172,10.60660172,4
50,50,35.35533906,35.35533906,6,4,50,35.35533906,35.35533906,50,35.35533906,21.35533906,4
50,50,10.60660172,10.60660172,1,2,50,10.60660172,10.60660172,50,10.60660172,18.60660172,4
80,60,-10.60660172,10.60660172,2,4,60,-10.60660172,10.60660172,60,-10.60660172,1.606601718,4
50,40,0,-15,4,8,40,0,-15,34,0,-15,4
50,60,-10.60660172,10.60660172,2,8,60,-10.60660172,10.60660172,53,-10.60660172,10.60660172,4
50,50,35.35533906,35.35533906,6,4,50,35.35533906,35.35533906,50,35.35533906,25.35533906,4
80,60,-10.60660172,10.60660172,2,5,60,-10.60660172,10.60660172,60,-2.828427125,2.828427125,4
30,50,35.35533906,35.35533906,6,1,50,35.35533906,35.35533906,50,46.35533906,35.35533906,4
80,60,-10.60660172,10.60660172,2,5,60,-10.60660172,10.60660172,60,-3.535533906,3.535533906,4
80,50,35.35533906,35.35533906,6,5,50,35.35533906,35.35533906,50,45.96194078,24.74873734,4
80,60,-10.60660172,10.60660172,2,2,60,-10.60660172,10.60660172,60,-10.60660172,18.60660172,4
30,70,0,15,3,6,70,0,15,70,4.242640687,19.24264069,4
50,60,-10.60660172,10.60660172,2,5,60,-10.60660172,10.60660172,60,-2.828427125,2.828427125,4
50,40,0,-15,4,7,40,0,-15,46,0,-15,4
50,40,0,-15,4,1,40,0,-15,40,8,-15,4
30,50,10.60660172,10.60660172,1,8,50,10.60660172,10.60660172,42,10.60660172,10.60660172,4
50,95,0,0,5,12,95,0,0,87.22182541,0,7.778174593,4
30,95,0,0,5,8,95,0,0,72,0,0,4
80,95,0,0,5,10,95,0,0,88.63603897,6.363961031,0,4
50,50,10.60660172,10.60660172,1,7,50,10.60660172,10.60660172,53,10.60660172,10.60660172,4
30,70,0,15,3,8,70,0,15,61,0,15,4
50,70,0,15,3,6,70,0,15,70,6.363961031,21.36396103,4
50,50,35.35533906,35.35533906,6,7,50,35.35533906,35.35533906,56,35.35533906,35.35533906,4
30,50,35.35533906,35.35533906,6,5,50,35.35533906,35.35533906,50,48.7903679,21.92031022,4
30,40,0,-15,4,3,40,4,-15,40,-15,-15,4
30,40,0,-15,4,4,40,0,-15,40,0,-31,4
80,95,0,0,5,9,95,0,0,87.22182541,-7.778174593,0,4
80,50,35.35533906,35.35533906,6,1,50,35.35533906,35.35533906,50,68.35533906,35.35533906,4
30,60,-10.60660172,10.60660172,2,2,60,-10.60660172,10.60660172,60,-10.60660172,21.60660172,4
30,40,0,-15,4,5,40,0,-15,40,20.50609665,-35.50609665,4
80,50,10.60660172,10.60660172,1,5,50,10.60660172,10.60660172,50,25.45584412,-4.242640687,4
30,60,-10.60660172,10.60660172,2,8,60,-10.60660172,10.60660172,51,-10.60660172,10.60660172,4
30,70,0,15,3,1,70,0,15,70,15,15,4
80,60,-10.60660172,10.60660172,2,6,60,-10.60660172,10.60660172,60,-6.363961031,14.8492424,4
50,50,35.35533906,35.35533906,6,6,50,35.35533906,35.35533906,50,50.91168825,50.91168825,4
80,50,35.35533906,35.35533906,6,4,50,35.35533906,35.35533906,50,35.35533906,17.35533906,4
50,50,35.35533906,35.35533906,6,3,50,35.35533906,35.35533906,50,27.35533906,35.35533906,4
50,60,-10.60660172,10.60660172,2,6,60,-10.60660172,10.60660172,60,-6.363961031,14.8492424,4
30,50,35.35533906,35.35533906,6,4,50,35.35533906,35.35533906,50,35.35533906,21.35533906,4
80,50,10.60660172,10.60660172,1,2,50,10.60660172,10.60660172,50,10.60660172,37.60660172,4
80,40,0,-15,4,6,40,0,-15,40,5.656854249,-9.343145751,4
50,50,10.60660172,10.60660172,1,2,50,10.60660172,10.60660172,50,10.60660172,19.60660172,4
50,60,-10.60660172,10.60660172,2,7,60,-10.60660172,10.60660172,69,-10.60660172,10.60660172,4
80,70,0,15,3,5,70,0,15,70,6.363961031,8.636038969,4
30,50,35.35533906,35.35533906,6,8,50,35.35533906,35.35533906,46,35.35533906,35.35533906,4
80,40,0,-15,4,1,40,0,-15,40,9,-15,4
80,50,10.60660172,10.60660172,1,8,50,10.60660172,10.60660172,39,10.60660172,10.60660172,4
50,95,0,0,5,9,95,0,0,88.63603897,-6.363961031,0,4
50,95,0,0,5,11,95,0,0,88.63603897,0,-6.363961031,4
30,60,-10.60660172,10.60660172,2,6,60,-10.60660172,10.60660172,60,-5.656854249,15.55634919,4
50,60,-10.60660172,10.60660172,2,5,60,-10.60660172,10.60660172,60,-3.535533906,3.535533906,4
80,70,0,15,3,6,70,0,15,70,5.656854249,20.65685425,4
80,40,0,-15,4,6,40,0,-15,40,4.949747468,-10.05025253,4
30,70,0,15,3,5,70,0,15,70,9.192388155,5.807611845,4
50,50,10.60660172,10.60660172,1,1,50,10.60660172,10.60660172,50,25.60660172,10.60660172,4
30,70,0,15,3,4,70,0,15,70,0,6,4
50,60,-10.60660172,10.60660172,2,3,60,-10.60660172,10.60660172,60,-21.60660172,10.60660172,4
50,70,0,15,3,2,70,0,15,70,0,28,4
80,60,-10.60660172,10.60660172,2,7,60,-10.60660172,10.60660172,69,-10.60660172,10.60660172,4
50,70,0,15,3,1,70,0,15,70,9,15,4
50,70,0,15,3,2,70,0,15,70,0,24,4
30,60,-10.60660172,10.60660172,2,1,60,-10.60660172,10.60660172,60,-2.606601718,10.60660172,4
80,40,0,-15,4,4,40,0,-10,40,0,-33,4
80,60,-10.60660172,10.60660172,2,6,60,-10.60660172,10.60660172,60,-7.778174593,13.43502884,4
80,50,10.60660172,10.60660172,1,3,50,10.60660172,10.60660172,50,-0.393398282,10.60660172,4
50,70,0,15,3,8,70,0,15,58,0,15,4
80,40,0,-15,4,3,40,9,-15,40,-15,-15,4
80,40,0,-15,4,3,40,3,-15,40,-15,-15,4
30,50,10.60660172,10.60660172,1,8,50,10.60660172,10.60660172,34,10.60660172,10.60660172,4
50,50,10.60660172,10.60660172,1,1,50,10.60660172,10.60660172,50,39.60660172,10.60660172,4
50,70,0,15,3,6,70,0,15,70,6.363961031,21.36396103,4
50,50,35.35533906,35.35533906,6,2,50,35.35533906,24.35533906,50,35.35533906,61.35533906,4
30,50,10.60660172,10.60660172,1,4,50,10.60660172,10.60660172,50,10.60660172,1.606601718,4
50,40,0,-15,4,4,40,0,-15,40,0,-33,4
50,50,35.35533906,35.35533906,6,8,50,35.35533906,35.35533906,46,35.35533906,35.35533906,4
80,50,10.60660172,10.60660172,1,7,50,10.60660172,10.60660172,56,10.60660172,10.60660172,4
30,95,0,0,5,10,95,0,0,90.05025253,4.949747468,0,4
80,70,0,15,3,7,70,0,15,75,0,15,4
30,50,10.60660172,10.60660172,1,3,50,10.60660172,10.60660172,50,1.606601718,10.60660172,4
50,50,35.35533906,35.35533906,6,1,50,35.35533906,35.35533906,50,60.35533906,35.35533906,4
50,60,-10.60660172,10.60660172,2,6,60,-10.60660172,10.60660172,60,-5.656854249,15.55634919,4
50,40,0,-15,4,6,40,0,-15,40,5.656854249,-9.343145751,4
80,50,10.60660172,10.60660172,1,6,50,10.60660172,10.60660172,50,21.92031022,21.92031022,4
80,60,-10.60660172,10.60660172,2,8,60,-10.60660172,10.60660172,51,-10.60660172,10.60660172,4
80,50,10.60660172,10.60660172,1,8,50,10.60660172,10.60660172,44,10.60660172,10.60660172,4
50,95,0,0,5,10,95,0,0,85.10050506,9.899494937,0,4
30,50,10.60660172,10.60660172,1,7,50,10.60660172,10.60660172,65,10.60660172,10.60660172,4
50,40,0,-15,4,5,40,0,-15,40,14.14213562,-29.14213562,4
80,40,0,-15,4,7,40,0,-15,55,0,-15,4
50,50,10.60660172,10.60660172,1,8,50,10.60660172,10.60660172,48,10.60660172,10.60660172,4
30,50,10.60660172,10.60660172,1,5,50,10.60660172,10.60660172,50,17.67766953,3.535533906,4
50,70,0,15,3,5,70,0,15,70,9.192388155,5.807611845,4
50,50,10.60660172,10.60660172,1,3,50,10.60660172,10.60660172,50,5.606601718,10.60660172,4
30,50,35.35533906,35.35533906,6,7,50,35.35533906,35.35533906,62,35.35533906,35.35533906,4
30,50,35.35533906,35.35533906,6,5,50,35.35533906,35.35533906,50,43.84062043,26.87005769,4
80,70,0,15,3,2,70,0,15,70,0,39,4
50,50,10.60660172,10.60660172,1,8,50,10.60660172,10.60660172,47,10.60660172,10.60660172,4
30,40,0,-15,4,5,40,0,-15,40,16.97056275,-31.97056275,4
30,70,0,15,3,5,70,0,15,70,9.899494937,5.100505063,4
30,40,0,-15,4,1,40,0,-15,40,8,-15,4
80,40,0,-15,4,8,40,0,-15,31,0,-15,4
50,50,10.60660172,10.60660172,1,7,50,10.60660172,10.60660172,54,10.60660172,10.60660172,4
80,50,35.35533906,35.35533906,6,6,50,31.81980515,31.81980515,50,65.76093065,65.76093065,4
50,50,10.60660172,10.60660172,1,5,50,10.60660172,10.60660172,50,16.97056275,4.242640687,4
80,70,0,15,3,3,70,0,15,70,-5,15,4
30,95,0,0,5,8,95,0,0,76,0,0,4
50,70,0,15,3,3,70,0,15,70,-6,15,4
30,40,0,-15,4,7,40,0,-15,51,0,-15,4
50,50,10.60660172,10.60660172,1,4,50,10.60660172,10.60660172,50,10.60660172,0.606601718,4
80,60,-10.60660172,10.60660172,2,1,60,-10.60660172,10.60660172,60,-3.606601718,10.60660172,4
80,50,35.35533906,35.35533906,6,8,50,35.35533906,35.35533906,43,35.35533906,35.35533906,4
80,70,0,15,3,5,70,0,15,70,8.485281374,6.514718626,4
30,50,35.35533906,35.35533906,6,6,50,35.35533906,35.35533906,50,48.08326112,48.08326112,4
30,40,0,-15,4,3,40,5,-15,40,-15,-15,4
50,50,10.60660172,10.60660172,1,3,50,10.60660172,10.60660172,50,0.606601718,10.60660172,4
80,70,0,15,3,4,70,0,15,70,0,8,4
50,60,-10.60660172,10.60660172,2,8,60,-10.60660172,10.60660172,52,-10.60660172,10.60660172,4
50,50,35.35533906,35.35533906,6,6,50,35.35533906,35.35533906,50,50.20458146,50.20458146,4
50,50,10.60660172,10.60660172,1,5,50,10.60660172,10.60660172,50,17.67766953,3.535533906,4
50,50,35.35533906,35.35533906,6,5,50,35.35533906,35.35533906,50,45.96194078,24.74873734,4
30,40,0,-15,4,2,40,0,-15,40,0,-4,4
30,50,35.35533906,35.35533906,6,6,50,35.35533906,35.35533906,50,48.08326112,48.08326112,4
80,95,0,0,5,10,95,0,0,85.80761184,9.192388155,0,4
50,60,-10.60660172,10.60660172,2,4,60,-10.60660172,10.60660172,60,-10.60660172,-0.393398282,4
80,50,10.60660172,10.60660172,1,4,50,10.60660172,10.60660172,50,10.60660172,1.606601718,4
50,60,-10.60660172,10.60660172,2,1,60,-10.60660172,10.60660172,60,-2.606601718,10.60660172,4
30,40,0,-15,4,2,40,0,-15,40,0,-2,4
30,70,0,15,3,3,70,0,15,70,-9,15,4
80,60,-10.60660172,10.60660172,2,4,60,-10.60660172,10.60660172,60,-10.60660172,1.606601718,4
50,70,0,15,3,4,70,0,15,70,0,3,4
30,50,35.35533906,35.35533906,6,7,50,35.35533906,35.35533906,58,35.35533906,35.35533906,4
80,50,35.35533906,35.35533906,6,2,50,35.35533906,9.355339059,50,35.35533906,61.35533906,4
80,50,35.35533906,35.35533906,6,3,50,35.35533906,35.35533906,50,18.35533906,35.35533906,4
30,60,-10.60660172,10.60660172,2,7,60,-10.60660172,10.60660172,78,-10.60660172,10.60660172,4
80,70,0,15,3,2,70,0,15,70,0,34,4
50,70,0,15,3,7,70,0,15,81,0,15,4
50,40,0,-15,4,4,40,0,-15,40,0,-32,4
30,50,10.60660172,10.60660172,1,1,50,10.60660172,10.60660172,50,27.60660172,10.60660172,4
80,95,0,0,5,11,95,0,0,85.80761184,0,-9.192388155,4
50,70,0,15,3,3,70,0,15,70,-8,15,4
30,50,35.35533906,35.35533906,6,1,50,35.35533906,35.35533906,50,54.35533906,35.35533906,4
30,95,0,0,5,12,95,0,0,85.10050506,0,9.899494937,4
80,40,0,-15,4,2,40,0,-15,40,0,0,4
50,95,0,0,5,8,95,0,0,73,0,0,4
50,40,0,-15,4,2,40,0,-15,40,0,-3,4
50,95,0,0,5,11,95,0,0,84.39339828,0,-10.60660172,4
30,70,0,15,3,7,70,0,15,93,0,15,4
30,50,10.60660172,10.60660172,1,6,50,10.60660172,10.60660172,50,17.67766953,17.67766953,4
80,95,0,0,5,12,95,0,0,86.51471863,0,8.485281374,4
30,50,10.60660172,10.60660172,1,2,50,10.60660172,10.60660172,50,10.60660172,20.60660172,4
50,40,0,-15,4,3,40,4,-15,40,-15,-15,4
80,95,0,0,5,8,95,0,0,84,0,0,4
50,70,0,15,3,4,70,0,15,70,0,8,4
30,70,0,15,3,7,70,0,15,94,0,15,4
30,70,0,15,3,2,70,0,15,70,0,29,4
50,50,35.35533906,35.35533906,6,8,50,35.35533906,35.35533906,43,35.35533906,35.35533906,4
30,50,10.60660172,10.60660172,1,2,50,10.60660172,10.60660172,50,10.60660172,18.60660172,4
80,50,35.35533906,35.35533906,6,5,50,35.35533906,35.35533906,50,51.61879503,19.09188309,4
80,50,35.35533906,35.35533906,6,1,50,35.35533906,35.35533906,50,58.35533906,35.35533906,4
80,70,0,15,3,8,70,0,15,61,0,15,4
30,50,10.60660172,10.60660172,1,4,50,10.60660172,10.60660172,50,10.60660172,2.606601718,4
30,70,0,15,3,2,70,0,15,70,0,33,4
50,50,35.35533906,35.35533906,6,3,50,35.35533906,35.35533906,50,22.35533906,35.35533906,4
50,50,35.35533906,35.35533906,6,5,50,35.35533906,35.35533906,50,45.254834,25.45584412,4
80,70,0,15,3,4,70,0,15,70,0,10,4
50,40,0,-15,4,6,40,0,-15,40,5.656854249,-9.343145751,4
50,60,-10.60660172,10.60660172,2,3,60,-10.60660172,10.60660172,60,-25.60660172,10.60660172,4
30,70,0,15,3,8,70,0,15,52,0,15,4
80,50,10.60660172,10.60660172,1,5,50,10.60660172,10.60660172,50,24.04163056,-2.828427125,4
50,40,0,-15,4,2,40,0,-15,40,0,-2,4
30,40,0,-15,4,8,40,0,-15,34,0,-15,4
30,70,0,15,3,3,70,0,15,70,-14,15,4
30,50,35.35533906,35.35533906,6,2,50,35.35533906,20.35533906,50,35.35533906,61.35533906,4
30,95,0,0,5,9,95,0,0,77.32233047,-17.67766953,0,4
30,60,-10.60660172,10.60660172,2,5,60,-10.60660172,10.60660172,60,-2.121320344,2.121320344,4
30,60,-10.60660172,10.60660172,2,1,60,-10.60660172,10.60660172,60,-1.606601718,10.60660172,4
50,70,0,15,3,5,70,0,15,70,11.3137085,3.686291501,4
30,70,0,15,3,4,70,0,15,70,0,6,4
50,60,-10.60660172,10.60660172,2,4,60,-10.60660172,10.60660172,60,-10.60660172,2.606601718,4
80,40,0,-15,4,8,40,0,-15,22,0,-15,4
80,40,0,-15,4,2,40,0,-15,40,0,0,4
30,60,-10.60660172,10.60660172,2,2,60,-10.60660172,10.60660172,60,-10.60660172,25.60660172,4
30,60,-10.60660172,10.60660172,2,4,60,-10.60660172,10.60660172,60,-10.60660172,2.606601718,4
80,50,10.60660172,10.60660172,1,1,50,10.60660172,10.60660172,50,40.60660172,10.60660172,4
80,95,0,0,5,11,95,0,0,87.22182541,0,-7.778174593,4
80,40,0,-15,4,4,40,0,-7,40,0,-33,4
80,95,0,0,5,9,95,0,0,82.97918472,-12.02081528,0,5
80,60,-10.60660172,10.60660172,2,1,60,-10.60660172,10.60660172,60,29.39339828,10.60660172,5
30,50,35.35533906,35.35533906,6,2,50,35.35533906,7.355339059,50,35.35533906,61.35533906,5
80,70,0,15,3,3,70,0,15,70,-47,15,5
30,40,0,-15,4,8,40,0,-15,35,0,-15,5
30,50,35.35533906,35.35533906,6,3,50,35.35533906,35.35533906,50,6.355339059,35.35533906,5
30,70,0,15,3,6,70,0,15,70,22.627417,37.627417,5
80,95,0,0,5,12,95,0,0,82.27207794,0,12.72792206,5
30,50,35.35533906,35.35533906,6,3,50,35.35533906,35.35533906,50,1.355339059,35.35533906,5
30,95,0,0,5,10,95,0,0,58.23044738,36.76955262,0,5
30,70,0,15,3,1,70,0,15,70,33,15,5
80,50,10.60660172,10.60660172,1,2,50,10.60660172,-18.39339828,50,10.60660172,58.60660172,5
30,95,0,0,5,11,95,0,0,68.12994231,0,-26.87005769,5
80,50,10.60660172,10.60660172,1,1,50,10.60660172,10.60660172,50,67.60660172,10.60660172,5
30,60,-10.60660172,10.60660172,2,3,60,18.39339828,10.60660172,60,-40.60660172,10.60660172,5
80,40,0,-15,4,5,40,0,-15,40,77.78174593,-92.78174593,5
50,60,-10.60660172,10.60660172,2,2,60,-10.60660172,10.60660172,60,-10.60660172,62.60660172,5
80,70,0,15,3,6,70,-4.242640687,10.75735931,70,34.64823228,49.64823228,5
80,95,0,0,5,8,95,0,0,88,0,0,5
80,60,-10.60660172,10.60660172,2,8,60,-10.60660172,10.60660172,31,-10.60660172,10.60660172,5
30,40,0,-15,4,6,40,0,-15,40,11.3137085,-3.686291501,5
30,95,0,0,5,11,95,0,0,70.95836944,0,-24.04163056,5
30,50,10.60660172,10.60660172,1,6,50,10.60660172,10.60660172,50,31.81980515,31.81980515,5
80,50,35.35533906,35.35533906,6,3,50,35.35533906,35.35533906,50,-7.644660941,35.35533906,5
80,40,0,-15,4,7,40,0,-15,60,0,-15,5
80,50,10.60660172,10.60660172,1,3,50,27.60660172,10.60660172,50,-35.39339828,10.60660172,5
30,40,0,-15,4,1,40,0,-15,40,18,-15,5
80,60,-10.60660172,10.60660172,2,3,60,4.393398282,10.60660172,60,-40.60660172,10.60660172,5
50,60,-10.60660172,10.60660172,2,2,60,-10.60660172,10.60660172,60,-10.60660172,53.60660172,5
30,60,-10.60660172,10.60660172,2,5,60,-10.60660172,10.60660172,60,34.64823228,-34.64823228,5
30,50,10.60660172,10.60660172,1,3,50,10.60660172,10.60660172,50,-13.39339828,10.60660172,5
80,50,10.60660172,10.60660172,1,6,50,10.60660172,10.60660172,50,57.98275606,57.98275606,5
30,40,0,-15,4,7,40,0,-15,82,0,-15,5
30,50,10.60660172,10.60660172,1,1,50,10.60660172,10.60660172,50,37.60660172,10.60660172,5
80,50,35.35533906,35.35533906,6,7,29,35.35533906,35.35533906,71,35.35533906,35.35533906,5
50,70,0,15,3,7,69,0,15,96,0,15,5
30,60,-10.60660172,10.60660172,2,8,60,-10.60660172,10.60660172,40,-10.60660172,10.60660172,5
30,50,10.60660172,10.60660172,1,5,50,10.60660172,10.60660172,50,48.08326112,-26.87005769,5
80,50,35.35533906,35.35533906,6,8,50,35.35533906,35.35533906,33,35.35533906,35.35533906,5
50,70,0,15,3,8,70,0,15,54,0,15,5
80,40,0,-15,4,1,40,0,-15,40,46,-15,5
30,60,-10.60660172,10.60660172,2,3,60,-5.606601718,10.60660172,60,-40.60660172,10.60660172,5
80,60,-10.60660172,10.60660172,2,3,60,-10.60660172,10.60660172,60,-35.60660172,10.60660172,5
50,60,-10.60660172,10.60660172,2,1,60,-10.60660172,10.60660172,60,8.393398282,10.60660172,5
80,60,-10.60660172,10.60660172,2,7,60,-10.60660172,10.60660172,73,-10.60660172,10.60660172,5
30,50,35.35533906,35.35533906,6,4,50,35.35533906,35.35533906,50,35.35533906,1.355339059,5
50,50,35.35533906,35.35533906,6,1,50,16.35533906,35.35533906,50,80.35533906,35.35533906,5
30,40,0,-15,4,6,40,0,-15,40,16.26345597,1.263455967,5
80,50,35.35533906,35.35533906,6,6,50,26.1629509,26.1629509,50,65.76093065,65.76093065,5
50,50,10.60660172,10.60660172,1,6,50,10.60660172,10.60660172,50,19.09188309,19.09188309,5
30,60,-10.60660172,10.60660172,2,6,60,-10.60660172,10.60660172,60,9.899494937,31.11269837,5
50,50,35.35533906,35.35533906,6,7,50,35.35533906,35.35533906,61,35.35533906,35.35533906,5
30,50,35.35533906,35.35533906,6,8,50,35.35533906,35.35533906,37,35.35533906,35.35533906,5
50,50,10.60660172,10.60660172,1,4,50,10.60660172,10.60660172,50,10.60660172,-13.39339828,5
50,95,0,0,5,12,95,0,0,71.66547622,0,23.33452378,5
50,40,0,-15,4,8,41,0,-15,9,0,-15,5
50,40,0,-15,4,7,40,0,-15,50,0,-15,5
80,60,-10.60660172,10.60660172,2,2,60,-10.60660172,10.60660172,60,-10.60660172,39.60660172,5
50,60,-10.60660172,10.60660172,2,7,60,-10.60660172,10.60660172,73,-10.60660172,10.60660172,5
50,95,0,0,5,8,95,0,0,62,0,0,5
50,50,35.35533906,35.35533906,6,2,50,35.35533906,9.355339059,50,35.35533906,61.35533906,5
80,70,0,15,3,7,70,0,15,77,0,15,5
50,95,0,0,5,10,95,0,0,74.49390335,20.50609665,0,5
80,40,0,-15,4,5,40,0,-15,40,59.39696962,-74.39696962,5
30,95,0,0,5,12,95,0,0,73.07968978,0,21.92031022,5
80,70,0,15,3,8,70,0,15,33,0,15,5
30,60,-10.60660172,10.60660172,2,4,60,-10.60660172,10.60660172,60,-10.60660172,-8.393398282,5
30,60,-10.60660172,10.60660172,2,7,60,-10.60660172,10.60660172,90,-10.60660172,10.60660172,5
30,40,0,-15,4,4,40,0,-4,40,0,-33,5
50,40,0,-15,4,5,40,0,-15,40,67.17514421,-82.17514421,5
50,95,0,0,5,9,95,0,0,81.56497116,-13.43502884,0,5
50,40,0,-15,4,3,40,7,-15,40,-15,-15,5
50,70,0,15,3,1,70,0,15,70,24,15,5
50,40,0,-15,4,1,40,0,-15,40,16,-15,5
80,50,10.60660172,10.60660172,1,4,50,10.60660172,10.60660172,50,10.60660172,-17.39339828,5
80,50,35.35533906,35.35533906,6,2,50,35.35533906,-6.644660941,50,35.35533906,61.35533906,5
80,50,35.35533906,35.35533906,6,4,50,35.35533906,35.35533906,50,35.35533906,-14.64466094,5
80,50,10.60660172,10.60660172,1,7,50,10.60660172,10.60660172,68,10.60660172,10.60660172,5
80,70,0,15,3,1,70,0,15,70,38,15,5
80,70,0,15,3,1,70,0,15,70,10,15,5
80,50,35.35533906,35.35533906,6,7,50,35.35533906,35.35533906,70,35.35533906,35.35533906,5
50,50,10.60660172,10.60660172,1,6,50,10.60660172,10.60660172,50,36.76955262,36.76955262,5
30,95,0,0,5,9,95,0,0,85.10050506,-9.899494937,0,5
30,50,10.60660172,10.60660172,1,7,50,10.60660172,10.60660172,66,10.60660172,10.60660172,5
50,50,35.35533906,35.35533906,6,4,50,35.35533906,35.35533906,50,35.35533906,11.35533906,5
50,50,10.60660172,10.60660172,1,2,50,10.60660172,10.60660172,50,10.60660172,14.60660172,5
80,60,-10.60660172,10.60660172,2,4,60,-10.60660172,10.60660172,60,-10.60660172,-7.393398282,5
50,40,0,-15,4,8,41,0,-15,9,0,-15,5
50,60,-10.60660172,10.60660172,2,8,60,-10.60660172,10.60660172,49,-10.60660172,10.60660172,5
50,50,35.35533906,35.35533906,6,4,50,35.35533906,35.35533906,50,35.35533906,-7.644660941,5
80,60,-10.60660172,10.60660172,2,5,60,-10.60660172,10.60660172,60,28.99137803,-28.99137803,5
30,50,35.35533906,35.35533906,6,1,50,35.35533906,35.35533906,50,73.35533906,35.35533906,5
80,60,-10.60660172,10.60660172,2,5,60,-10.60660172,10.60660172,60,12.02081528,-12.02081528,5
80,50,35.35533906,35.35533906,6,5,50,35.35533906,35.35533906,50,62.93250353,7.778174593,5
80,60,-10.60660172,10.60660172,2,2,60,-10.60660172,10.60660172,60,-10.60660172,35.60660172,5
30,70,0,15,3,6,70,0,15,70,16.97056275,31.97056275,5
50,60,-10.60660172,10.60660172,2,5,60,-10.60660172,10.60660172,60,17.67766953,-17.67766953,5
50,40,0,-15,4,7,40,0,-15,47,0,-15,5
50,40,0,-15,4,1,40,0,-15,40,14,-15,5
30,50,10.60660172,10.60660172,1,8,50,10.60660172,10.60660172,40,10.60660172,10.60660172,5
50,95,0,0,5,12,95,0,0,68.12994231,0,26.87005769,5
30,95,0,0,5,8,95,0,0,51,0,0,5
80,95,0,0,5,10,95,0,0,75.90811691,19.09188309,0,5
50,50,10.60660172,10.60660172,1,7,50,10.60660172,10.60660172,64,10.60660172,10.60660172,5
30,70,0,15,3,8,70,0,15,42,0,15,5
50,70,0,15,3,6,70,0,15,70,26.1629509,41.1629509,5
50,50,35.35533906,35.35533906,6,7,50,35.35533906,35.35533906,60,35.35533906,35.35533906,5
30,50,35.35533906,35.35533906,6,5,50,35.35533906,35.35533906,50,45.96194078,24.74873734,5
30,40,0,-15,4,3,40,9,-15,40,-15,-15,5
30,40,0,-15,4,4,40,0,-12,40,0,-33,5
80,95,0,0,5,9,95,0,0,86.51471863,-8.485281374,0,5
80,50,35.35533906,35.35533906,6,1,50,35.35533906,35.35533906,50,75.35533906,35.35533906,5
30,60,-10.60660172,10.60660172,2,2,60,-10.60660172,10.60660172,60,-10.60660172,49.60660172,5
30,40,0,-15,4,5,40,0,-15,40,73.53910524,-88.53910524,5
80,50,10.60660172,10.60660172,1,5,50,10.60660172,10.60660172,50,45.254834,-24.04163056,5
30,60,-10.60660172,10.60660172,2,8,60,-10.60660172,10.60660172,35,-10.60660172,10.60660172,5
30,70,0,15,3,1,70,-4,15,70,43,15,5
80,60,-10.60660172,10.60660172,2,6,60,-10.60660172,10.60660172,60,4.949747468,26.1629509,5
50,50,35.35533906,35.35533906,6,6,50,16.97056275,16.97056275,50,65.76093065,65.76093065,5
80,50,35.35533906,35.35533906,6,4,50,35.35533906,35.35533906,50,35.35533906,-22.64466094,5
50,50,35.35533906,35.35533906,6,3,50,35.35533906,35.35533906,50,6.355339059,35.35533906,5
50,60,-10.60660172,10.60660172,2,6,60,-10.60660172,10.60660172,60,9.899494937,31.11269837,5
30,50,35.35533906,35.35533906,6,4,50,35.35533906,35.35533906,50,35.35533906,-11.64466094,5
80,50,10.60660172,10.60660172,1,2,50,10.60660172,-5.393398282,50,10.60660172,58.60660172,5
80,40,0,-15,4,6,40,0,-15,40,8.485281374,-6.514718626,5
50,50,10.60660172,10.60660172,1,2,50,10.60660172,10.60660172,50,10.60660172,32.60660172,5
50,60,-10.60660172,10.60660172,2,7,60,-10.60660172,10.60660172,93,-10.60660172,10.60660172,5
80,70,0,15,3,5,70,0,15,70,42.42640687,-27.42640687,5
30,50,35.35533906,35.35533906,6,8,50,35.35533906,35.35533906,36,35.35533906,35.35533906,5
80,40,0,-15,4,1,40,0,-15,40,33,-15,5
80,50,10.60660172,10.60660172,1,8,50,10.60660172,10.60660172,21,10.60660172,10.60660172,5
50,95,0,0,5,9,95,0,0,78.73654403,-16.26345597,0,5
50,95,0,0,5,11,95,0,0,72.372583,0,-22.627417,5
30,60,-10.60660172,10.60660172,2,6,60,-10.60660172,10.60660172,60,2.828427125,24.04163056,5
50,60,-10.60660172,10.60660172,2,5,60,-10.60660172,10.60660172,60,11.3137085,-11.3137085,5
80,70,0,15,3,6,70,0,15,70,20.50609665,35.50609665,5
80,40,0,-15,4,6,40,0,-15,40,20.50609665,5.506096654,5
30,70,0,15,3,5,70,0,15,70,45.96194078,-30.96194078,5
50,50,10.60660172,10.60660172,1,1,50,-5.393398282,10.60660172,50,80.60660172,10.60660172,5
30,70,0,15,3,4,70,0,15,70,0,-23,5
50,60,-10.60660172,10.60660172,2,3,60,-10.60660172,10.60660172,60,-23.60660172,10.60660172,5
50,70,0,15,3,2,70,0,15,70,0,49,5
80,60,-10.60660172,10.60660172,2,7,60,-10.60660172,10.60660172,73,-10.60660172,10.60660172,5
50,70,0,15,3,1,70,0,15,70,23,15,5
50,70,0,15,3,2,70,0,15,70,0,69,5
30,60,-10.60660172,10.60660172,2,1,60,-10.60660172,10.60660172,60,20.39339828,10.60660172,5
80,40,0,-15,4,4,40,0,4,40,0,-33,5
80,60,-10.60660172,10.60660172,2,6,60,-10.60660172,10.60660172,60,6.363961031,27.57716447,5
80,50,10.60660172,10.60660172,1,3,50,10.60660172,10.60660172,50,-14.39339828,10.60660172,5
50,70,0,15,3,8,70,0,15,53,0,15,5
80,40,0,-15,4,3,40,35,-15,40,-15,-15,5
80,40,0,-15,4,3,40,6,-15,40,-15,-15,5
30,50,10.60660172,10.60660172,1,8,50,10.60660172,10.60660172,37,10.60660172,10.60660172,5
50,50,10.60660172,10.60660172,1,1,50,10.60660172,10.60660172,50,28.60660172,10.60660172,5
50,70,0,15,3,6,70,0,15,70,21.92031022,36.92031022,5
50,50,35.35533906,35.35533906,6,2,50,35.35533906,4.355339059,50,35.35533906,61.35533906,5
30,50,10.60660172,10.60660172,1,4,50,10.60660172,10.60660172,50,10.60660172,-19.39339828,5
50,40,0,-15,4,4,40,0,6,40,0,-33,5
50,50,35.35533906,35.35533906,6,8,50,35.35533906,35.35533906,43,35.35533906,35.35533906,5
80,50,10.60660172,10.60660172,1,7,50,10.60660172,10.60660172,62,10.60660172,10.60660172,5
30,95,0,0,5,10,95,0,0,63.88730163,31.11269837,0,5
80,70,0,15,3,7,70,0,15,76,0,15,5
30,50,10.60660172,10.60660172,1,3,50,10.60660172,10.60660172,50,-7.393398282,10.60660172,5
50,50,35.35533906,35.35533906,6,1,50,35.35533906,35.35533906,50,67.35533906,35.35533906,5
50,60,-10.60660172,10.60660172,2,6,60,-10.60660172,10.60660172,60,9.899494937,31.11269837,5
50,40,0,-15,4,6,40,0,-15,40,28.99137803,13.99137803,5
80,50,10.60660172,10.60660172,1,6,50,10.60660172,10.60660172,50,50.91168825,50.91168825,5
80,60,-10.60660172,10.60660172,2,8,60,-10.60660172,10.60660172,20,-10.60660172,10.60660172,5
80,50,10.60660172,10.60660172,1,8,50,10.60660172,10.60660172,38,10.60660172,10.60660172,5
50,95,0,0,5,10,95,0,0,68.12994231,26.87005769,0,5
30,50,10.60660172,10.60660172,1,7,50,10.60660172,10.60660172,79,10.60660172,10.60660172,5
50,40,0,-15,4,5,40,0,-15,40,70.71067812,-85.71067812,5
80,40,0,-15,4,7,40,0,-15,70,0,-15,5
50,50,10.60660172,10.60660172,1,8,50,10.60660172,10.60660172,35,10.60660172,10.60660172,5
30,50,10.60660172,10.60660172,1,5,50,10.60660172,10.60660172,50,41.71930009,-20.50609665,5
50,70,0,15,3,5,70,0,15,70,38.89087297,-23.89087297,5
50,50,10.60660172,10.60660172,1,3,50,10.60660172,10.60660172,50,4.606601718,10.60660172,5
30,50,35.35533906,35.35533906,6,7,50,35.35533906,35.35533906,61,35.35533906,35.35533906,5
30,50,35.35533906,35.35533906,6,5,50,35.35533906,35.35533906,50,72.83199846,-2.121320344,5
80,70,0,15,3,2,70,0,-2,70,0,75,5
50,50,10.60660172,10.60660172,1,8,50,10.60660172,10.60660172,44,10.60660172,10.60660172,5
30,40,0,-15,4,5,40,0,-15,40,75.66042559,-90.66042559,5
30,70,0,15,3,5,70,0,15,70,59.39696962,-44.39696962,5
30,40,0,-15,4,1,40,0,-15,40,28,-15,5
80,40,0,-15,4,8,45,0,-15,9,0,-15,5
50,50,10.60660172,10.60660172,1,7,48,10.60660172,10.60660172,90,10.60660172,10.60660172,5
80,50,35.35533906,35.35533906,6,6,50,14.14213562,14.14213562,50,65.76093065,65.76093065,5
50,50,10.60660172,10.60660172,1,5,50,10.60660172,10.60660172,50,36.76955262,-15.55634919,5
80,70,0,15,3,3,70,0,15,70,-45,15,5
30,95,0,0,5,8,95,0,0,58,0,0,5
50,70,0,15,3,3,70,0,15,70,-38,15,5
30,40,0,-15,4,7,40,0,-15,73,0,-15,5
50,50,10.60660172,10.60660172,1,4,50,10.60660172,10.60660172,50,10.60660172,-12.39339828,5
80,60,-10.60660172,10.60660172,2,1,60,-10.60660172,10.60660172,60,16.39339828,10.60660172,5
80,50,35.35533906,35.35533906,6,8,55,35.35533906,35.35533906,29,35.35533906,35.35533906,5
80,70,0,15,3,5,70,0,15,70,42.42640687,-27.42640687,5
30,50,35.35533906,35.35533906,6,6,50,28.99137803,28.99137803,50,65.76093065,65.76093065,5
30,40,0,-15,4,3,40,25,-15,40,-15,-15,5
50,50,10.60660172,10.60660172,1,3,50,10.60660172,10.60660172,50,1.606601718,10.60660172,5
80,70,0,15,3,4,70,0,15,70,0,-16,5
50,60,-10.60660172,10.60660172,2,8,60,-10.60660172,10.60660172,53,-10.60660172,10.60660172,5
50,50,35.35533906,35.35533906,6,6,50,35.35533906,35.35533906,50,65.05382387,65.05382387,5
50,50,10.60660172,10.60660172,1,5,50,10.60660172,10.60660172,50,28.28427125,-7.071067812,5
50,50,35.35533906,35.35533906,6,5,50,35.35533906,35.35533906,50,62.22539674,8.485281374,5
30,40,0,-15,4,2,40,0,-15,40,0,8,5
30,50,35.35533906,35.35533906,6,6,50,35.35533906,35.35533906,50,65.05382387,65.05382387,5
80,95,0,0,5,10,95,0,0,77.32233047,17.67766953,0,5
50,60,-10.60660172,10.60660172,2,4,60,-10.60660172,10.60660172,60,-10.60660172,-24.39339828,5
80,50,10.60660172,10.60660172,1,4,50,10.60660172,10.60660172,50,10.60660172,-25.39339828,5
50,60,-10.60660172,10.60660172,2,1,60,-10.60660172,10.60660172,60,15.39339828,10.60660172,5
30,40,0,-15,4,2,40,0,-15,40,0,14,5
30,70,0,15,3,3,70,7,15,70,-47,15,5
80,60,-10.60660172,10.60660172,2,4,60,-10.60660172,10.60660172,60,-10.60660172,-23.39339828,5
50,70,0,15,3,4,70,0,15,70,0,-14,5
30,50,35.35533906,35.35533906,6,7,50,35.35533906,35.35533906,69,35.35533906,35.35533906,5
80,50,35.35533906,35.35533906,6,2,50,35.35533906,-1.644660941,50,35.35533906,61.35533906,5
80,50,35.35533906,35.35533906,6,3,50,35.35533906,35.35533906,50,16.35533906,35.35533906,5
30,60,-10.60660172,10.60660172,2,7,60,-10.60660172,10.60660172,92,-10.60660172,10.60660172,5
80,70,0,15,3,2,70,0,15,70,0,74,5
50,70,0,15,3,7,70,0,15,88,0,15,5
50,40,0,-15,4,4,40,0,3,40,0,-33,5
30,50,10.60660172,10.60660172,1,1,50,10.60660172,10.60660172,50,42.60660172,10.60660172,5
80,95,0,0,5,11,95,0,0,85.80761184,0,-9.192388155,5
50,70,0,15,3,3,70,0,15,70,-30,15,5
30,50,35.35533906,35.35533906,6,1,50,35.35533906,35.35533906,50,65.35533906,35.35533906,5
30,95,0,0,5,12,95,0,0,75.90811691,0,19.09188309,5
80,40,0,-15,4,2,40,0,-15,40,0,29,5
50,95,0,0,5,8,95,0,0,62,0,0,5
50,40,0,-15,4,2,40,0,-15,40,0,17,5
50,95,0,0,5,11,95,0,0,71.66547622,0,-23.33452378,5
30,70,0,15,3,7,59,0,15,96,0,15,5
30,50,10.60660172,10.60660172,1,6,50,10.60660172,10.60660172,50,35.35533906,35.35533906,5
80,95,0,0,5,12,95,0,0,84.39339828,0,10.60660172,5
30,50,10.60660172,10.60660172,1,2,50,10.60660172,10.60660172,50,10.60660172,46.60660172,5
50,40,0,-15,4,3,40,31,-15,40,-15,-15,5
80,95,0,0,5,8,95,0,0,83,0,0,5
50,70,0,15,3,4,70,0,15,70,0,-15,5
30,70,0,15,3,7,59,0,15,96,0,15,5
30,70,0,15,3,2,70,0,15,70,0,54,5
50,50,35.35533906,35.35533906,6,8,50,35.35533906,35.35533906,45,35.35533906,35.35533906,5
30,50,10.60660172,10.60660172,1,2,50,10.60660172,10.60660172,50,10.60660172,45.60660172,5
80,50,35.35533906,35.35533906,6,5,50,35.35533906,35.35533906,50,67.17514421,3.535533906,5
80,50,35.35533906,35.35533906,6,1,50,11.35533906,35.35533906,50,80.35533906,35.35533906,5
80,70,0,15,3,8,70,0,15,51,0,15,5
30,50,10.60660172,10.60660172,1,4,50,10.60660172,10.60660172,50,10.60660172,-22.39339828,5
30,70,0,15,3,2,70,0,15,70,0,49,5
50,50,35.35533906,35.35533906,6,3,50,35.35533906,35.35533906,50,-2.644660941,35.35533906,5
50,50,35.35533906,35.35533906,6,5,50,35.35533906,35.35533906,50,74.24621202,-3.535533906,5
80,70,0,15,3,4,70,0,15,70,0,-19,5
50,40,0,-15,4,6,40,0,-15,40,9.192388155,-5.807611845,5
50,60,-10.60660172,10.60660172,2,3,60,4.393398282,10.60660172,60,-40.60660172,10.60660172,5
30,70,0,15,3,8,70,0,15,46,0,15,5
80,50,10.60660172,10.60660172,1,5,50,10.60660172,10.60660172,50,51.61879503,-30.40559159,5
50,40,0,-15,4,2,40,0,-15,40,0,14,5
30,40,0,-15,4,8,40,0,-15,33,0,-15,5
30,70,0,15,3,3,70,0,15,70,-36,15,5
30,50,35.35533906,35.35533906,6,2,50,35.35533906,7.355339059,50,35.35533906,61.35533906,5
30,95,0,0,5,9,95,0,0,66.00862197,-28.99137803,0,5
30,60,-10.60660172,10.60660172,2,5,60,-10.60660172,10.60660172,60,62.93250353,-62.93250353,5
30,60,-10.60660172,10.60660172,2,1,60,-10.60660172,10.60660172,60,27.39339828,10.60660172,5
50,70,0,15,3,5,70,0,15,70,48.08326112,-33.08326112,5
30,70,0,15,3,4,70,0,15,70,0,-21,5
50,60,-10.60660172,10.60660172,2,4,60,-10.60660172,10.60660172,60,-10.60660172,-32.39339828,5
80,40,0,-15,4,8,49,0,-15,9,0,-15,5
80,40,0,-15,4,2,40,0,-15,40,0,32,5
30,60,-10.60660172,10.60660172,2,2,60,-10.60660172,10.60660172,60,-10.60660172,38.60660172,5
30,60,-10.60660172,10.60660172,2,4,60,-10.60660172,10.60660172,60,-10.60660172,-13.39339828,5
80,50,10.60660172,10.60660172,1,1,50,10.60660172,10.60660172,50,66.60660172,10.60660172,5
80,95,0,0,5,11,95,0,0,85.10050506,0,-9.899494937,5
80,40,0,-15,4,4,40,0,7,40,0,-33,5